CASE_ID,ACCIDENT_YEAR,PROC_DATE,JURIS,COLLISION_DATE,COLLISION_TIME,OFFICER_ID,REPORTING_DISTRICT,DAY_OF_WEEK,CHP_SHIFT,POPULATION,CNTY_CITY_LOC,SPECIAL_COND,BEAT_TYPE,CHP_BEAT_TYPE,CITY_DIVISION_LAPD,CHP_BEAT_CLASS,BEAT_NUMBER,PRIMARY_RD,SECONDARY_RD,DISTANCE,DIRECTION,INTERSECTION,WEATHER_1,WEATHER_2,STATE_HWY_IND,CALTRANS_COUNTY,CALTRANS_DISTRICT,STATE_ROUTE,ROUTE_SUFFIX,POSTMILE_PREFIX,POSTMILE,LOCATION_TYPE,RAMP_INTERSECTION,SIDE_OF_HWY,TOW_AWAY,COLLISION_SEVERITY,NUMBER_KILLED,NUMBER_INJURED,PARTY_COUNT,PRIMARY_COLL_FACTOR,PCF_CODE_OF_VIOL,PCF_VIOL_CATEGORY,PCF_VIOLATION,PCF_VIOL_SUBSECTION,HIT_AND_RUN,TYPE_OF_COLLISION,MVIW,PED_ACTION,ROAD_SURFACE,ROAD_COND_1,ROAD_COND_2,LIGHTING,CONTROL_DEVICE,CHP_ROAD_TYPE,PEDESTRIAN_ACCIDENT,BICYCLE_ACCIDENT,MOTORCYCLE_ACCIDENT,TRUCK_ACCIDENT,NOT_PRIVATE_PROPERTY,ALCOHOL_INVOLVED,STWD_VEHTYPE_AT_FAULT,CHP_VEHTYPE_AT_FAULT,COUNT_SEVERE_INJ,COUNT_VISIBLE_INJ,COUNT_COMPLAINT_PAIN,COUNT_PED_KILLED,COUNT_PED_INJURED,COUNT_BICYCLIST_KILLED,COUNT_BICYCLIST_INJURED,COUNT_MC_KILLED,COUNT_MC_INJURED,PRIMARY_RAMP,SECONDARY_RAMP,LATITUDE,LONGITUDE,COUNTY,CITY,POINT_X,POINT_Y
90331152,2016,2016-12-27,9285,2016-11-15,2253,018636,,2,3,9,5800,0,2,4,,2,081,"MARYSVILLE ROAD","CO ROAD 270",1742.00,W,N,A,-,N,,,,,,,,,,Y,1,1,2,2,A,-,01,23152,A,N,A,C,A,A,H,-,D,D,0,,,,,Y,Y,D,22,1,0,1,0,0,0,0,0,0,"- ","- ",39.361629999999998,-121.30838,YUBA,UNINCORPORATED,-121.30852342999999,39.361618900000003
91219289,2020,2020-04-01,9285,2020-03-22,2143,018632,,7,2,9,5800,0,1,3,,1,020,SR-70,"1ST STREET UNDERCROSSING",1080.00,S,N,A,-,Y,,,70,,,,,,,Y,2,0,3,2,A,-,03,22350,,N,C,C,A,A,H,-,C,D,0,,,,,Y,,A,01,1,0,2,0,0,0,0,0,0,"- ","- ",39.132640838623047,-121.58859252929688,YUBA,UNINCORPORATED,-121.58860778808594,39.13262939453125
91242107,2020,2020-05-26,9285,2020-05-16,1640,020106,,6,2,9,5800,0,1,3,,1,062,SR-20,"HALLWOOD BLVD",0.00,,Y,A,-,Y,,,20,,,,,,,Y,2,0,3,2,A,-,09,21802,A,N,D,C,A,A,H,-,A,D,0,,,,,Y,Y,D,22,1,0,2,0,0,0,0,0,0,"- ","- ",39.203060150146484,-121.5166015625,YUBA,UNINCORPORATED,-121.51669311523438,39.203083038330078
92036650,2023,2023-04-04,9285,2023-03-27,1720,020507,,1,2,9,5800,0,2,4,,1,022,"LINDHURST AVENUE","NORTH BEALE ROAD",340.00,S,N,A,-,N,,,,,,,,,,N,2,0,1,2,A,-,09,21804,A,F,D,G,A,A,H,-,A,D,0,,Y,,,Y,,-,99,1,0,0,0,0,0,1,0,0,"- ","- ",39.123878479003906,-121.56945037841797,YUBA,UNINCORPORATED,-121.57005310058594,39.124240875244141
94600828,2025,2025-03-18,9285,2025-02-28,2030,024019,,5,2,9,5800,0,2,4,,1,022,"ARBOGA RD","7TH AVE",0.00,,Y,A,-,N,,,,,,,,,,N,2,0,1,2,A,-,01,23152,A,N,D,C,A,A,H,-,C,D,0,,,Y,,Y,Y,C,02,1,0,0,0,0,0,0,0,1,"- ","- ",39.095470428466797,-121.56076049804688,YUBA,UNINCORPORATED,-121.56078338623047,39.095485687255859
90964223,2019,2019-04-09,9285,2019-03-28,1530,018986,,4,2,9,5800,0,1,3,,1,062,SR-20,"TIMBUCTOO RD",1840.00,E,N,C,-,Y,,,20,,,,,,,Y,2,0,3,3,A,-,08,22107,,N,A,C,A,B,H,-,A,D,0,,,,,Y,,A,01,2,0,1,0,0,0,0,0,0,"- ","- ",39.214969635009766,-121.32605743408203,YUBA,UNINCORPORATED,-121.32605743408203,39.2149658203125
91159979,2019,2020-01-06,9230,2019-11-23,2500,019235,,6,4,9,5800,0,1,3,,1,081,SR-49,"SLEIGHVILLE CREEK RD",324.00,S,N,A,-,Y,,,49,,,,,,,Y,1,1,0,1,A,-,01,23152,G,N,E,I,A,A,H,-,D,D,0,,,,,Y,Y,D,22,0,0,0,0,0,0,0,0,0,"- ","- ",39.477298736572266,-121.0426025390625,YUBA,UNINCORPORATED,-121.04249572753906,39.477260589599609
91620346,2021,2021-11-09,9285,2021-11-07,0223,021025,,7,3,9,5800,0,2,4,,1,022,"MCGOWAN PKWY","SR-70 N/B",110.00,E,N,A,-,N,,,70,,,,,,,Y,2,0,2,1,A,-,01,23152,A,N,E,I,A,A,H,-,C,B,0,,,,,Y,Y,A,01,2,0,0,0,0,0,0,0,0,"- ","- ",39.077690124511719,-121.54071807861328,YUBA,UNINCORPORATED,-121.54125213623047,39.077648162841797
6292292,2015,2017-04-25,9285,2015-03-21,0203,18475,,6,3,9,5800,0,1,3,,1,020,"RT 70","NORTH BEALE RD",6.00,E,N,A,-,Y,YUB,3,70,-,-,13.376,R,2,W,Y,1,1,0,3,A,-,11,21954,A,N,G,B,D,A,H,-,E,D,0,Y,,,,Y,Y,N,60,0,0,0,1,0,0,0,0,0,"- ","- ",39.126629999999999,-121.58138,YUBA,UNINCORPORATED,-121.58254821,39.12766757
91777019,2022,2022-05-20,9285,2022-05-13,0427,018636,,5,3,3,5801,0,3,5,,1,004,"SIMPSON LANE","SIMPSON DANTONI RD.",680.00,N,N,A,-,N,,,,,,,,,,Y,2,0,2,2,A,-,01,23152,A,F,A,C,A,A,H,-,D,D,0,,,,,Y,Y,D,22,1,1,0,0,0,0,0,0,0,"- ","- ",39.137088775634766,-121.55377960205078,YUBA,MARYSVILLE,-121.55376434326172,39.137081146240234
94533303,2024,2025-01-10,9285,2024-12-28,"510 ",022700,,6,3,9,5800,0,1,3,,1,020,"STATE ROUTE 70 N/B","ELRE ROAD OVERCROSSING",321.00,N,N,C,-,Y,YUB,,70," ",R,10.196,H,,R,Y,1,1,0,1,A,-,08,22107,,N,E,I,A,B,H,-,D,D,0,,,,,Y,,D,22,0,0,0,0,0,0,0,0,0,"- ","- ",39.113739013671875,-121.55959320068359,YUBA,UNINCORPORATED,-121.55961608886719,39.113719940185547
6540327,2014,2014-08-16,9285,2014-06-13,0650,016343,,5,1,9,5800,0,2,4,,1,041,"NORTH BEALE RD","WALMART CENTER",0.00,,Y,A,-,N,,,,,,,,,,Y,2,0,3,2,A,-,12,21453,A,N,A,D,A,A,H,-,A,A,0,,,,,Y,,D,22,1,1,1,0,0,0,0,0,0,"- ","- ",39.125320000000002,-121.57307,YUBA,UNINCORPORATED,-121.57312989,39.125241340000002
9081652,2020,2020-07-08,5801,2020-03-09,2206,318,YUBAC,1,5,3,5801,0,0,0,,0,5801,"5TH ST","4TH LIGHT POLE",48.00,E,N,A,-,N,,,,,,,,,,Y,2,0,2,2,A,-,05,21651,A,N,A,C,A,A,C,-,C,D,0,,,,,Y,Y,D,22,1,1,0,0,0,0,0,0,0,"- ","- ",,,YUBA,MARYSVILLE,,
91944458,2022,2022-12-16,9285,2022-12-09,2125,021690,,5,2,9,5800,0,1,3,,1,020,"SR-70 N/B","FEATHER RIVER BLVD",2790.00,N,N,B,-,Y,YUB,,70,,,13.543,H,,R,Y,2,0,1,1,A,-,01,23152,A,N,E,I,A,A,H,-,C,A,0,,,,,Y,Y,A,01,1,0,0,0,0,0,0,0,0,"- ","- ",39.129329681396484,-121.58474731445312,YUBA,UNINCORPORATED,-121.58484649658203,39.129230499267578
9280119,2021,2021-06-17,5801,2021-05-16,1629,328,,7,5,3,5801,0,0,0,,0,,"EAST 12TH ST","RAMIREZ ST",0.00,,Y,A,-,Y,YUB,3,20,-,-,1.710,I,5,E,Y,2,0,3,3,A,-,01,23152,,N,D,C,A,A,H,-,A,A,0,,,,,Y,,-,,2,0,1,0,0,0,0,0,0,"- ","- ",,,YUBA,MARYSVILLE,-121.58334350585938,39.148735046386719
90052503,2015,2015-11-17,9285,2015-11-14,1320,017272,,6,1,9,5800,0,3,5,,1,002,"CAMP FAR WEST RD","WINTUN WAY",543.00,W,N,A,-,N,,,,,,,,,,Y,2,0,1,1,A,-,08,22107,,N,F,I,A,A,H,-,A,A,0,,,Y,,Y,,C,02,1,0,0,0,0,0,0,0,1,"- ","- ",39.04813,-121.34229999999999,YUBA,UNINCORPORATED,-121.34249359,39.04822867
90067366,2015,2015-12-08,9285,2015-11-28,1155,018153,,6,1,9,5800,0,3,5,,1,002,"ALGODON RD","FEATHER RIVER BLVD",1056.00,E,N,A,-,N,,,,,,,,,,Y,2,0,1,1,A,-,01,23152,A,N,E,I,A,A,H,-,A,D,0,,,,,Y,Y,D,22,1,0,0,0,0,0,0,0,0,"- ","- ",39.00882,-121.57098000000001,YUBA,UNINCORPORATED,-121.57397177,39.007687699999998
90858637,2018,2018-11-13,9285,2018-11-06,2310,019253,,2,3,9,5800,0,2,4,,1,041,"2578 NORTH BEALE RD","NORTH BEALE RD",850.00,E,N,A,-,N,,,,,,,,,,Y,2,0,1,1,C,-,18,,,N,E,I,A,A,H,-,D,D,0,,,,,Y,,-,"- ",1,0,0,0,0,0,0,0,0,"- ","- ",39.128108978271484,-121.52072143554688,YUBA,UNINCORPORATED,,
91261660,2020,2020-07-01,9285,2020-06-18,0955,016052,,4,1,9,5800,0,2,4,,2,021,"FEATHER RIVER BLVD","ELLA AVE",0.00,,Y,A,-,N,,,,,,,,,,Y,1,1,1,2,A,-,09,21802,A,N,D,C,A,A,H,-,A,D,0,,,,,Y,,A,08,1,0,0,0,0,0,0,0,0,"- ","- ",39.069351196289062,-121.57891845703125,YUBA,UNINCORPORATED,-121.57892608642578,39.069339752197266
91980782,2023,2023-11-01,9285,2023-01-24,"909 ",021012,,2,1,9,5800,0,1,3,,1,062,SR-20,"STACEY ANNE DR.",0.00,,Y,A,-,Y,YUB,,20," "," ",15.950,H,,R,Y,1,1,2,2,A,-,09,21802,A,N,D,C,A,A,H,-,A,A,0,,,,,Y,,A,01,1,0,1,0,0,0,0,0,0,"- ","- ",39.233211517333984,-121.36499786376953,YUBA,UNINCORPORATED,-121.36499786376953,39.233253479003906
6718508,2014,2014-12-19,9285,2014-07-13,1048,19144,,7,1,9,5800,0,2,3,,1,061,"MARYSVILLE RD","PEORIA RD",2112.00,S,N,A,-,N,,,,,,,,,,Y,1,1,1,1,A,-,03,22350,,N,F,I,A,A,H,-,A,D,0,,,Y,,Y,,C,02,1,0,0,0,0,0,0,1,1,"- ","- ",39.292850000000001,-121.37915,YUBA,UNINCORPORATED,-121.37830656,39.293631769999998
6784791,2014,2016-06-22,9230,2014-12-24,1555,019235,,3,2,9,5800,0,1,3,,1,081,"RT 49","MILL ST",5808.00,N,N,B,-,Y,YUB,3,49,-,-,6.450,H,-,N,Y,2,0,2,1,A,-,03,22350,,N,E,I,A,C,H,-,A,D,0,,,,,Y,,A,01,1,0,1,0,0,0,0,0,0,"- ","- ",39.465009999999999,-121.04855999999999,YUBA,UNINCORPORATED,-121.04830401,39.464092409999999
90025989,2015,2015-10-19,9285,2015-09-24,2031,019168,,4,2,9,5800,0,2,4,,1,041,"N. BEALE RD.","PARK AVE",200.00,E,N,A,-,N,,,,,,,,,,N,2,0,1,2,A,-,11,21954,A,N,G,B,D,A,H,-,D,D,0,Y,,,,Y,Y,N,60,1,0,0,0,1,0,0,0,0,"- ","- ",39.12753,-121.55776,YUBA,UNINCORPORATED,-121.55779539,39.127580969999997
90285142,2016,2016-10-06,9285,2016-09-03,0610,018561,,6,1,9,5800,0,3,5,,1,004,"FORTY MILE ROAD","WHEATLAND ROAD",1822.00,N,N,A,-,N,,,,,,,,,,Y,1,1,0,1,A,-,08,22107,,N,F,A,A,A,H,-,B,D,0,,,,,Y,,A,01,0,0,0,0,0,0,0,0,0,"- ","- ",38.995069999999998,-121.49066000000001,YUBA,UNINCORPORATED,-121.4905715,38.994906229999998
92388536,2024,2024-05-13,9285,2024-04-13,"120 ",022401,,6,3,9,5800,0,1,3,,1,020,"STATE ROUTE 70 (SOUTHBOUND)","FEATHER RIVER BOULEVARD",1668.00,N,N,A,-,Y,YUB,,70," "," ",13.386,H,,R,Y,1,1,0,1,A,-,08,22107,,N,E,8,A,A,H,-,D,D,0,,,,,Y,,A,01,0,0,0,0,0,0,0,0,0,"- ","- ",39.127658843994141,-121.58262634277344,YUBA,UNINCORPORATED,-121.58247375488281,39.127815246582031
94362782,2024,2024-08-20,9285,2024-08-19,1909,018986,,1,2,9,5800,0,2,4,,2,082,"LA PORTE ROAD","SHARON VALLEY TRAIL",900.00,E,N,A,-,N,,,,,,,,,,N,2,0,1,1,A,-,03,22350,,N,E,I,A,A,H,-,A,D,0,,,Y,,Y,,C,02,1,0,0,0,0,0,0,0,1,"- ","- ",39.481189727783203,-121.25060272216797,YUBA,UNINCORPORATED,-121.25068664550781,39.48114013671875
90610492,2017,2017-12-05,9285,2017-11-12,0953,015976,,7,1,9,5800,0,1,3,,1,060,SR-70,"CHANDLER RD",0.50,S,N,B,-,Y,,,70,,,,,,,Y,2,0,1,3,A,-,05,21650,,N,B,C,A,A,H,-,A,D,0,,,,,Y,,D,22,1,0,0,0,0,0,0,0,0,"- ","- ",39.284700000000001,-121.5945,YUBA,UNINCORPORATED,-121.59469821,39.28472464
92270764,2023,2023-12-26,9285,2023-12-19,2040,022320,,2,2,9,5800,0,2,4,,2,021,"FEATHER RIVER BLVD","ELLA AVENUE",1056.00,N,N,C,-,N,,,,,,,,,,Y,2,0,3,2,A,-,05,21650,,N,A,C,A,B,H,-,D,D,0,,,,,Y,,D,22,2,1,0,0,0,0,0,0,0,"- ","- ",39.071880340576172,-121.57894134521484,YUBA,UNINCORPORATED,-121.57889556884766,39.072238922119141
94429438,2024,2024-10-14,9285,2024-10-05,"325 ",022294,,6,3,9,5800,0,2,4,,1,042,"HAMMONTON SMARTSVILLE RD","DANTONI RD",365.00,W,N,A,-,N,,,,,,,,,,N,2,0,1,2,A,-,11,21954,A,F,G,B,E,A,H,-,D,D,0,Y,,,,Y,,-,"- ",1,0,0,0,1,0,0,0,0,"- ","- ",39.135429382324219,-121.53443908691406,YUBA,UNINCORPORATED,-121.53439331054688,39.135421752929688
9039660,2019,2020-07-27,5801,2019-10-13,1435,326,YUBA,7,5,3,5801,0,0,0,,0,5801,"E ST","9TH ST",242.00,N,N,A,-,Y,YUB,3,20,-,-,0.940,H,-,W,N,2,0,1,2,A,-,11,21950,B,N,G,B,D,A,H,-,A,D,0,Y,,,,Y,,N,60,1,0,0,0,1,0,0,0,0,"- ","- ",,,YUBA,MARYSVILLE,-121.59202575683594,39.145755767822266
90301551,2016,2016-10-26,9285,2016-10-19,1925,019830,,3,2,9,5800,0,1,3,,1,062,"STATE HIGHWAY 20","TIMBUCTOO RD",806.00,W,N,A,-,Y,,,20,,,,,,,Y,2,0,1,1,A,-,08,22107,,N,E,I,A,A,H,-,D,D,0,,,,,Y,,A,01,1,0,0,0,0,0,0,0,0,"- ","- ",39.210419999999999,-121.31289,YUBA,UNINCORPORATED,-121.31288938,39.210449570000002
92022781,2023,2023-03-20,9285,2023-03-11,1205,022294,,6,1,9,5800,0,3,5,,1,002,"CEDAR LN","POPLAR AVE",0.00,,Y,A,-,N,,,,,,,,,,N,2,0,1,1,A,-,01,23152,A,N,F,A,A,A,H,-,A,D,0,,,Y,,Y,Y,C,06,1,0,0,0,0,0,0,0,1,"- ","- ",39.123519897460938,-121.58306884765625,YUBA,UNINCORPORATED,-121.58299255371094,39.123512268066406
90083273,2015,2015-12-28,9285,2015-12-16,1833,017080,,3,2,9,5800,0,1,3,,1,060,SR-70,"SILVA AVENUE",1584.00,S,N,A,-,Y,,,70,,,,,,,Y,2,0,1,1,A,-,08,22107,,N,E,I,A,A,H,-,D,D,0,,,,,Y,,D,22,1,0,0,0,0,0,0,0,0,"- ","- ",39.176969999999997,-121.59126999999999,YUBA,UNINCORPORATED,-121.59120346,39.176988100000003
90480804,2017,2017-06-19,9285,2017-06-14,0830,015491,,3,1,9,5800,0,2,4,,1,041,"NORTH BEALE ROAD","LINDA AVENUE",0.00,,Y,A,-,N,,,,,,,,,,Y,2,0,1,2,A,-,12,21453,A,N,D,C,A,A,H,-,A,A,0,,,Y,,Y,,-,"- ",1,0,0,0,0,0,0,0,1,"- ","- ",39.127940000000002,-121.54181,YUBA,UNINCORPORATED,-121.54179999,39.127989909999997
91575375,2021,2021-09-21,9285,2021-09-07,0210,020119,,2,3,9,5800,0,2,4,,1,041,"N. BEALE AVE.","AVONDALE AVE.",300.00,W,N,A,-,N,,,,,,,,,,N,2,0,1,2,A,-,11,21954,A,N,G,B,D,A,H,-,C,D,0,Y,,,,Y,,N,60,1,0,0,0,1,0,0,0,0,"- ","- ",39.125701904296875,-121.56851959228516,YUBA,UNINCORPORATED,-121.56821441650391,39.125831604003906
91205321,2020,2020-03-10,9285,2020-03-05,1540,020096,,4,2,9,5800,0,3,5,,1,004,"ERLE ROAD","LINDHURST AVE",170.00,W,N,A,-,N,,,,,,,,,,Y,2,0,1,3,A,-,01,23152,A,N,C,C,A,A,H,-,A,D,0,,,Y,,Y,Y,A,01,1,0,0,0,0,0,0,0,1,"- ","- ",39.113231658935547,-121.55918121337891,YUBA,UNINCORPORATED,-121.55899047851562,39.113235473632812
94378397,2024,2024-09-03,9285,2024-08-28,1538,017393,,3,2,9,5800,0,1,3,,1,062,"SR-20 W/B","HAMMON GROVE ROAD",27.00,W,N,A,-,Y,YUB,,20," "," ",13.961,H,,L,N,2,0,1,2,A,-,08,22107,,N,B,C,A,A,H,-,A,D,0,,,,,Y,,D,22,1,0,0,0,0,0,0,0,0,"- ","- ",39.23004150390625,-121.39930725097656,YUBA,UNINCORPORATED,-121.3992919921875,39.230167388916016
90014907,2015,2015-10-19,9285,2015-08-28,1739,017118,,5,2,9,5800,0,1,3,,1,062,SR-20,"RIVERVIEW TER",1056.00,E,N,A,-,Y,,,,,,,,,,Y,2,0,1,1,A,-,01,23152,A,N,E,I,A,A,H,-,A,D,0,,,,,Y,Y,A,01,1,0,0,0,0,0,0,0,0,"- ","- ",39.218829999999997,-121.31663,YUBA,UNINCORPORATED,-121.31636754,39.210774389999997
90821290,2018,2018-09-26,9285,2018-09-15,0012,018108,,6,3,9,5800,0,3,5,,1,006,"FRUITLAND RD.","SPRIG ST.",540.00,E,N,A,-,N,,,,,,,,,,Y,2,0,2,1,A,-,03,22350,,N,E,I,A,A,H,-,D,D,0,,,,,Y,Y,A,01,2,0,0,0,0,0,0,0,0,"- ","- ",39.323200225830078,-121.44460296630859,YUBA,UNINCORPORATED,-121.44465637207031,39.323184967041016
91259108,2020,2020-06-26,9285,2020-06-21,1055,019085,,7,1,9,5800,0,2,4,,2,025,SR-65,"OAKLEY LN",109.00,N,N,A,-,Y,,,65,,,,,,,Y,1,1,5,2,A,-,05,21650,,N,A,C,A,A,H,-,A,D,0,,,,,Y,,A,01,3,2,0,0,0,0,0,0,0,"- ","- ",39.0347900390625,-121.46302795410156,YUBA,UNINCORPORATED,-121.46305847167969,39.034751892089844
91579166,2021,2021-09-24,9285,2021-09-20,0430,021025,,1,3,9,5800,0,3,5,,1,002,"SPENCEVILLE RD","CAMP FAR WEST RD",1590.00,E,N,A,-,N,,,,,,,,,,N,2,0,1,1,A,-,08,22107,,N,F,A,A,A,A,H,D,D,0,,,Y,,Y,,C,02,1,0,0,0,0,0,0,0,1,"- ","- ",39.069210052490234,-121.35382080078125,YUBA,UNINCORPORATED,-121.35186767578125,39.065078735351562
90040239,2015,2015-10-29,9285,2015-10-22,1543,015069,,4,2,9,5800,0,1,3,,1,062,SR-20,"TIMBUCTOO PLACE",456.00,W,N,A,-,Y,,,20,,,,,,,Y,2,0,3,2,A,-,08,22100,B,N,D,C,A,A,H,-,A,D,0,,,,,Y,,A,07,3,0,0,0,0,0,0,0,0,"- ","- ",39.218119999999999,-121.33315,YUBA,UNINCORPORATED,-121.33313799,39.218131829999997
90741475,2018,2018-06-05,9230,2018-06-04,1945,019235,,1,2,9,5800,0,3,5,,2,080,"GARDEN VALLEY RD","PENDOLA RD",4224.00,W,N,A,-,N,,,,,,,,,,N,2,0,1,1,A,-,03,22350,,N,F,A,A,A,H,-,B,D,0,,,Y,,Y,,C,02,1,0,0,0,0,0,0,0,1,"- ","- ",39.477840423583984,-121.09317779541016,YUBA,UNINCORPORATED,-121.09552001953125,39.478118896484375
90841917,2018,2018-10-23,9285,2018-07-24,0528,018108,,2,3,9,5800,0,2,4,,1,041,"N. BEALE RD.","COLLEGE VIEW DR",0.00,,N,A,-,N,,,,,,,,,,Y,1,2,1,2,A,-,01,23152,F,N,A,C,A,A,H,-,D,D,0,,,,,Y,,A,07,1,0,0,0,0,0,0,0,0,"- ","- ",39.128299713134766,-121.53520202636719,YUBA,UNINCORPORATED,-121.53449249267578,39.128108978271484
90957781,2019,2019-03-29,9285,2019-03-19,0640,017393,,2,1,9,5800,0,2,4,,2,081,"MARYSVILLE ROAD","HART LANE",36.00,W,N,A,-,N,,,,,,,,,,Y,2,0,3,1,A,-,08,22107,,N,E,J,A,A,H,-,B,D,0,,,,,Y,,A,07,1,2,0,0,0,0,0,0,0,"- ","- ",39.378318786621094,-121.22650146484375,YUBA,UNINCORPORATED,-121.22670745849609,39.378284454345703
91216203,2020,2020-03-26,9285,2020-03-24,0624,014401,,2,1,9,5800,0,1,3,,1,062,SR-20,"PLANTZ RD",3167.00,W,N,A,-,Y,,,20,,,,,,,Y,2,0,2,2,A,-,05,21650,,N,A,C,A,A,H,-,D,D,0,,,,,Y,,A,01,1,0,1,0,0,0,0,0,0,"- ","- ",39.173820495605469,-121.55049133300781,YUBA,UNINCORPORATED,-121.55050659179688,39.173835754394531
91379149,2020,2021-01-01,9285,2020-12-22,2200,019085,,2,3,9,5800,0,1,3,,1,020,"SR-70 W/B","FEATHER RIVER BLVD",100.00,W,N,B,-,Y,,,70,,,,,,W,N,2,0,1,2,A,-,08,22107,,F,G,B,E,A,H,-,D,D,0,Y,,,,Y,,-,99,1,0,0,0,1,0,0,0,0,"- ","- ",39.124778747558594,-121.57736968994141,YUBA,UNINCORPORATED,-121.57749938964844,39.124568939208984
91650573,2021,2021-12-13,9285,2021-11-27,1550,020507,,6,2,9,5800,0,3,5,,1,002,"FORTY MILE ROAD","DAIRY ROAD",0.00,,Y,A,-,N,,,,,,,,,,Y,2,0,2,2,A,-,03,22350,,M,D,C,A,A,H,-,A,D,0,,,,,Y,,-,"- ",2,0,0,0,0,0,0,0,0,"- ","- ",39.008628845214844,-121.49887084960938,YUBA,UNINCORPORATED,-121.49887084960938,39.008636474609375
6292756,2015,2016-02-06,9285,2015-07-12,2055,18632,,7,2,3,5801,0,2,S,,2,901,"B ST","EAST 24TH ST",67.00,S,N,A,-,N,,,,,,,,,,Y,1,1,1,1,A,-,08,22107,,N,E,I,A,A,H,-,C,D,0,,,,,Y,,A,01,0,0,1,0,0,0,0,0,0,"- ","- ",39.157580000000003,-121.58862000000001,YUBA,MARYSVILLE,-121.39355500000001,39.116379039999998
8688656,2018,2018-10-30,5801,2018-08-04,0944,327,YUBA,6,5,3,5801,0,0,0,,0,5801,"RT 70",CEMETERY,469.00,N,N,A,-,Y,YUB,3,70,-,-,15.720,H,-,W,Y,2,0,1,3,A,-,00,21460,D,N,D,C,A,A,H,-,A,D,0,,,,Y,Y,,F,26,1,0,0,0,0,0,0,0,0,"- ","- ",,,YUBA,MARYSVILLE,-121.59101104736328,39.162757873535156
90131297,2016,2016-03-08,9285,2016-03-01,1855,018107,,2,2,9,5800,0,2,4,,1,022,"OLIVEHURST AVE","POWERLINE RD",0.00,,Y,A,-,N,,,,,,,,,,N,2,0,1,2,A,-,10,21950,A,N,G,B,B,A,H,-,C,A,0,Y,,,,Y,,A,07,1,0,0,0,1,0,0,0,0,"- ","- ",39.10136,-121.55115000000001,YUBA,UNINCORPORATED,-121.55112996,39.101319930000003
91177673,2020,2020-01-31,9285,2020-01-27,2030,020096,,1,2,9,5800,0,3,5,,1,002,"FORTY MILE RD","PLUMAS SCHOOL ROAD",5914.00,N,N,B,-,N,,,,,,,,,,N,2,0,1,2,A,-,08,22107,,N,G,B,E,A,H,-,D,D,0,Y,,,,Y,,-,99,1,0,0,0,1,0,0,0,0,"- ","- ",39.043159484863281,-121.51516723632812,YUBA,UNINCORPORATED,-121.51506805419922,39.042415618896484
91476598,2021,2021-05-27,9285,2021-05-08,0000,015491,,6,3,9,5800,0,3,5,,1,002,"RIVER OAKS DRIVE","MINORIES DRIVE",111.00,S,N,A,-,N,,,,,,,,,,Y,1,1,0,1,A,-,08,22107,,N,E,I,A,A,H,-,C,D,0,,,,,Y,,A,01,0,0,0,0,0,0,0,0,0,"- ","- ",38.991889953613281,-121.55342864990234,YUBA,UNINCORPORATED,-121.55409240722656,38.993194580078125
92441531,2024,2024-07-17,9285,2024-06-28,2500,022125,,5,4,9,5800,0,3,5,,1,008,"UNNAMED DIRT ROAD","TUSCAN WAY",210.00,S,N,F,-,N,,,,,,,,,,Y,1,1,0,1,A,-,08,22107,,N,F,A,A,A,H,-,D,D,0,,,,,Y,,D,22,0,0,0,0,0,0,0,0,0,"- ","- ",39.527469635009766,-121.1419677734375,YUBA,UNINCORPORATED,,
90697628,2018,2018-04-03,9285,2018-03-18,1440,018768,,7,2,9,5800,0,1,3,,1,060,SR-70,"LAURELLEN RD",1584.00,N,N,A,-,Y,,,70,,,,,,,Y,2,0,3,1,A,-,08,22107,,N,E,I,A,A,H,-,A,D,0,,,,,Y,,D,22,1,2,0,0,0,0,0,0,0,"- ","- ",39.174129486083984,-121.59037780761719,YUBA,UNINCORPORATED,-121.59043121337891,39.174118041992188