CASE_ID,ACCIDENT_YEAR,PROC_DATE,JURIS,COLLISION_DATE,COLLISION_TIME,OFFICER_ID,REPORTING_DISTRICT,DAY_OF_WEEK,CHP_SHIFT,POPULATION,CNTY_CITY_LOC,SPECIAL_COND,BEAT_TYPE,CHP_BEAT_TYPE,CITY_DIVISION_LAPD,CHP_BEAT_CLASS,BEAT_NUMBER,PRIMARY_RD,SECONDARY_RD,DISTANCE,DIRECTION,INTERSECTION,WEATHER_1,WEATHER_2,STATE_HWY_IND,CALTRANS_COUNTY,CALTRANS_DISTRICT,STATE_ROUTE,ROUTE_SUFFIX,POSTMILE_PREFIX,POSTMILE,LOCATION_TYPE,RAMP_INTERSECTION,SIDE_OF_HWY,TOW_AWAY,COLLISION_SEVERITY,NUMBER_KILLED,NUMBER_INJURED,PARTY_COUNT,PRIMARY_COLL_FACTOR,PCF_CODE_OF_VIOL,PCF_VIOL_CATEGORY,PCF_VIOLATION,PCF_VIOL_SUBSECTION,HIT_AND_RUN,TYPE_OF_COLLISION,MVIW,PED_ACTION,ROAD_SURFACE,ROAD_COND_1,ROAD_COND_2,LIGHTING,CONTROL_DEVICE,CHP_ROAD_TYPE,PEDESTRIAN_ACCIDENT,BICYCLE_ACCIDENT,MOTORCYCLE_ACCIDENT,TRUCK_ACCIDENT,NOT_PRIVATE_PROPERTY,ALCOHOL_INVOLVED,STWD_VEHTYPE_AT_FAULT,CHP_VEHTYPE_AT_FAULT,COUNT_SEVERE_INJ,COUNT_VISIBLE_INJ,COUNT_COMPLAINT_PAIN,COUNT_PED_KILLED,COUNT_PED_INJURED,COUNT_BICYCLIST_KILLED,COUNT_BICYCLIST_INJURED,COUNT_MC_KILLED,COUNT_MC_INJURED,PRIMARY_RAMP,SECONDARY_RAMP,LATITUDE,LONGITUDE,COUNTY,CITY,POINT_X,POINT_Y
91280214,2020,2020-08-04,9285,2020-07-24,2130,020224,,5,2,9,5800,0,3,5,,1,008,"FOREST RD 20N16","LA PORTE RD",13200.00,E,N,A,-,N,,,,,,,,,,Y,2,0,2,1,A,-,08,22107,,N,F,A,A,A,G,-,A,D,0,,,,,Y,,D,22,1,1,0,0,0,0,0,0,0,"- ","- ",39.522628784179688,-121.08721923828125,YUBA,UNINCORPORATED,-121.08721160888672,39.522716522216797
94703515,2025,2025-05-28,9285,2025-03-29,1535,022748,,6,2,9,5800,0,1,3,,1,020,"STATE ROUTE 70","FEATHER RIVER BOULEVARD (NORTH)",980.00,N,N,A,-,Y,YUB,,70," "," ",13.211,H,,R,Y,1,1,1,2,A,-,07,21658,A,F,F,A,A,A,H,-,A,A,0,,,,,Y,,A,07,0,0,1,0,0,0,0,0,0,"- ","- ",39.126060485839844,-121.58004760742188,YUBA,UNINCORPORATED,-121.57987976074219,39.126224517822266
90194740,2016,2016-06-06,9285,2016-05-31,2100,018153,,2,2,9,5800,0,3,5,,1,004,"HILE AVE","HAMMONTON SMARTVILLE RD",550.00,E,N,A,-,N,,,,,,,,,,Y,2,0,1,1,A,-,01,23152,A,N,E,I,A,A,H,-,C,D,0,,,,,Y,Y,A,07,1,0,0,0,0,0,0,0,0,"- ","- ",39.075589999999998,-121.33032,YUBA,UNINCORPORATED,-121.55097105,39.13218337
90218281,2016,2016-07-07,9285,2016-06-18,1210,016343,,6,1,9,5800,0,1,3,,1,020,"SR-70 N/B","OLIVEHURST AVENUE",250.00,N,N,A,-,Y,,,,,,,,,,Y,2,0,1,1,A,-,01,23152,A,N,E,I,A,A,H,-,A,D,0,,,,,Y,Y,D,22,1,0,0,0,0,0,0,0,0,"- ","- ",39.103149999999999,-121.55124000000001,YUBA,UNINCORPORATED,-121.55114211999999,39.103118340000002
91022374,2019,2019-07-22,9285,2019-06-11,1450,017382,,2,2,9,5800,0,2,4,,2,021,"FEATHER RIVER BLVD","MYRNA AVE",502.00,S,N,A,-,N,,,,,,,,,,Y,1,1,2,2,A,-,05,21460,A,N,A,C,A,A,H,-,A,D,0,,,,,Y,,A,07,1,1,0,0,0,0,0,0,0,"- ","- ",39.100181579589844,-121.57890319824219,YUBA,UNINCORPORATED,-121.57891845703125,39.100131988525391
91662323,2021,2021-12-27,9285,2021-12-16,1650,018475,,4,2,9,5800,0,2,4,,1,041,"N. BEALE RD","FEATHER RIVER BLVD",418.00,S,N,A,-,N,,,,,,,,,,Y,2,0,1,2,A,-,07,21658,A,N,B,C,A,A,H,-,A,D,0,,,Y,,Y,,A,01,1,0,0,0,0,0,0,0,1,"- ","- ",39.125419616699219,-121.57428741455078,YUBA,UNINCORPORATED,-121.57431793212891,39.125442504882812
91422521,2021,2021-03-08,9285,2021-03-02,1050,016052,,2,1,9,5800,0,3,5,,1,008,"TEXAS HILL RD","YUBA-NEVADA RD",190.00,E,N,A,-,N,,,,,,,,,,Y,2,0,1,1,A,-,08,22107,,N,E,I,A,A,H,-,A,D,0,,,,,Y,,A,07,1,0,0,0,0,0,0,0,0,"- ","- ",39.364009857177734,-121.22028350830078,YUBA,UNINCORPORATED,-121.2203369140625,39.363994598388672
92071991,2023,2023-05-18,9285,2023-05-10,1400,017393,,3,2,9,5800,0,3,5,,1,008,"RICES CROSSING RD","BROYLES TRAIL",189.00,S,N,A,-,N,,,,,,,,,,Y,2,0,1,1,A,-,03,22350,,N,E,J,A,A,H,-,A,D,0,,,,,Y,,A,01,1,0,0,0,0,0,0,0,0,"- ","- ",39.337211608886719,-121.26524353027344,YUBA,UNINCORPORATED,,
6606101,2014,2014-09-19,9285,2014-05-24,1050,17393,,6,1,9,5800,0,3,5,,1,008,"FRENCHTOWN RD","DRY CREEK BR",389.00,S,N,A,-,N,,,,,,,,,,Y,1,1,0,1,A,-,03,22350,,N,E,I,A,A,H,-,A,D,0,,,,,Y,,A,07,0,0,0,0,0,0,0,0,0,"- ","- ",39.381819999999998,-121.25790000000001,YUBA,UNINCORPORATED,-121.25623226,39.38773072
90572574,2017,2017-10-18,9285,2017-10-14,1425,017163,,6,2,9,5800,0,3,5,,1,002,"8TH AVENUE","POWERLINE RD",0.00,,Y,A,-,N,,,,,,,,,,Y,2,0,3,2,A,-,09,21802,A,N,D,C,A,A,H,-,A,A,0,,,,,Y,,A,01,1,2,0,0,0,0,0,0,0,"- ","- ",39.093089999999997,-121.54224000000001,YUBA,UNINCORPORATED,-121.54242987000001,39.093219879999999
8911720,2020,2020-10-26,5801,2020-09-17,0425,326,"YUBA ",4,5,3,5801,0,0,0,,0,5801,"RT 70","17TH ST",1282.00,N,N,A,-,Y,YUB,3,70,-,-,15.110,H,-,W,Y,1,1,0,1,A,-,05,21650,A,N,E,I,A,A,H,-,C,A,0,,,,,Y,,A,01,0,0,0,0,0,0,0,0,0,"- ","- ",,,YUBA,MARYSVILLE,-121.58793640136719,39.154239654541016
9769491,2024,2025-01-02,5801,2024-11-04,1841,311,YUBA,1,5,3,5801,0,0,0,,0,5801,"12TH ST","SAMPSON ST",0.00,,Y,A,-,Y,YUB,3,20,-,-,1.873,H,-,E,N,2,0,1,2,A,-,11,21954,A,N,G,B,D,A,H,-,E,A,0,Y,,,,Y,,N,60,1,0,0,0,1,0,0,0,0,"- ","- ",,,YUBA,MARYSVILLE,-121.57975769042969,39.148998260498047
90793549,2018,2018-08-20,9285,2018-08-10,0015,018108,,5,3,9,5800,0,2,4,,2,021,"FEATHER RIVER BLVD.","VIRGINIA AVE",192.00,N,N,A,-,Y,,,,,,,,,,Y,2,0,3,1,A,-,08,22107,,N,F,A,A,A,H,-,D,D,0,,,,,Y,Y,D,22,1,1,1,0,0,0,0,0,0,"- ","- ",39.102989196777344,-121.58000183105469,YUBA,UNINCORPORATED,-121.58004760742188,39.103111267089844
9009264,2019,2020-01-06,5801,2019-11-22,1726,328,,5,5,3,5801,0,0,0,,0,,"F ST","10TH ST",117.00,N,N,A,-,N,,,,,,,,,,N,2,0,1,2,A,-,00,20001,B,F,G,B,D,A,H,-,B,A,0,Y,,,,Y,,D,22,1,0,0,0,1,0,0,0,0,"- ","- ",,,YUBA,MARYSVILLE,-121.41262817382812,39.107170104980469
90506577,2017,2017-07-24,9285,2017-07-09,0824,018291,,7,1,9,5800,0,3,5,,1,006,"TIMBUCTOO RD.",SR-20,1600.00,E,N,A,-,N,,,,,,,,,,Y,2,0,2,1,A,-,08,22107,,N,E,I,A,A,H,-,A,D,0,,,,,Y,,D,22,1,1,0,0,0,0,0,0,0,"- ","- ",39.219580000000001,-121.32843,YUBA,UNINCORPORATED,-121.33374999999999,39.218910000000001
90810308,2018,2018-09-11,9285,2018-06-10,1745,017393,,7,2,9,5800,0,2,4,,2,081,"MARYSVILLE ROAD","YUBA RANCH RD",786.00,W,N,A,-,N,,,,,,,,,,Y,1,2,1,1,A,-,01,23152,A,N,E,J,A,A,H,-,A,D,0,,,,,Y,,A,01,0,1,0,0,0,0,0,0,0,"- ","- ",39.358539581298828,-121.26860046386719,YUBA,UNINCORPORATED,-121.26844787597656,39.358570098876953
90977197,2019,2019-04-29,9285,2019-04-18,1838,018561,,4,2,9,5800,0,3,5,,1,002,"PLUMAS AVE","FEATHER RIVER BLVD",300.00,W,N,A,-,N,,,,,,,,,,Y,2,0,1,1,A,-,01,23152,A,N,E,I,A,A,H,-,A,D,0,,,,,Y,Y,A,01,1,0,0,0,0,0,0,0,0,"- ","- ",39.054901123046875,-121.5802001953125,YUBA,UNINCORPORATED,-121.58004760742188,39.054843902587891
91466238,2021,2021-05-27,9285,2021-04-23,1845,021920,,5,2,9,5800,0,1,3,,1,060,SR-70,"SILVA AVE",1478.00,S,N,A,-,N,,,70,,,,,,,Y,2,0,1,2,A,-,03,22350,,N,A,C,A,A,H,-,A,D,0,,,,,Y,,D,22,1,0,0,0,0,0,0,0,0,"- ","- ",39.177158355712891,-121.59123992919922,YUBA,UNINCORPORATED,-121.59124755859375,39.177158355712891
90029505,2015,2015-10-19,9285,2015-10-03,1750,017393,,6,2,9,5800,0,3,5,,1,008,"CHALLENGE CUT OFF ROAD","LA PORTE RD",2640.00,W,N,A,-,N,,,,,,,,,,N,2,0,1,2,A,-,05,21460,A,F,H,I,A,A,H,-,A,D,0,,,Y,,Y,,-,99,1,0,0,0,0,0,0,0,1,"- ","- ",39.489629999999998,-121.24482999999999,YUBA,UNINCORPORATED,-121.24536999999999,39.483820000000001
92383511,2024,2024-05-07,9285,2024-04-29,1405,021154,,1,2,9,5800,0,1,3,,1,062,"SR-20 W/B","MARYSVILLE RD",0.00,,Y,A,-,Y,YUB,,20," "," ",13.270,H,,L,Y,2,0,2,3,A,-,09,21801,A,N,D,C,A,A,H,-,A,D,0,,,Y,,Y,,A,07,2,0,0,0,0,0,0,0,2,"- ","- ",39.227920532226562,-121.41400909423828,YUBA,UNINCORPORATED,-121.41400146484375,39.227897644042969
91204277,2020,2020-03-09,9285,2020-02-28,1320,017393,,5,1,9,5800,0,3,5,,1,008,"FRENCHTOWN ROAD","MIRACLE WAY",5808.00,S,N,A,-,N,,,,,,,,,,Y,1,2,0,1,A,-,08,22107,,N,E,I,A,A,H,-,A,D,0,,,,,Y,,A,01,0,0,0,0,0,0,0,0,0,"- ","- ",39.405078887939453,-121.25950622558594,YUBA,UNINCORPORATED,-121.25954437255859,39.405086517333984
91213561,2020,2020-03-23,9285,2020-03-12,1759,019948,,4,2,9,5800,0,1,3,,1,020,"SR-70 S/B","ERLE ROAD O/C",2124.00,N,N,A,-,Y,,,,,,,,,,Y,2,0,1,1,A,-,01,23152,A,N,E,I,A,A,H,-,A,D,0,,,,,Y,Y,A,01,1,0,0,0,0,0,0,0,0,"- ","- ",39.116970062255859,-121.56523895263672,YUBA,UNINCORPORATED,-121.56507110595703,39.117031097412109
90133339,2016,2016-03-10,9285,2016-03-07,1200,017393,,1,1,9,5800,0,2,4,,2,081,"WILLOW GLEN ROAD","MEADOW GLEN",2376.00,S,N,B,-,N,,,,,,,,,,Y,2,0,1,1,A,-,08,22107,,N,E,I,A,B,H,-,A,D,0,,,,,Y,,A,07,1,0,0,0,0,0,0,0,0,"- ","- ",39.419420000000002,-121.29208,YUBA,UNINCORPORATED,-121.31369771999999,39.39460416
91035511,2019,2019-07-23,9285,2019-07-17,2010,019478,,3,2,9,5800,0,2,4,,2,021,"FEATHER RIVER BLVD",SR-70,227.00,W,N,A,-,N,,,,,,,,,,Y,2,0,1,1,A,-,01,23152,A,N,E,I,A,A,H,-,A,A,0,,,,,Y,Y,A,01,1,0,0,0,0,0,0,0,0,"- ","- ",39.123821258544922,-121.5777587890625,YUBA,UNINCORPORATED,-121.57772827148438,39.123920440673828
91214620,2020,2020-03-24,9285,2020-03-18,0222,018561,,3,3,9,5800,0,3,5,,1,004,"SIMPSON LN","SIMPSON DANTONI RD",325.00,W,N,B,-,N,,,,,,,,,,Y,2,0,1,1,A,-,01,23152,A,N,E,I,A,B,H,-,D,D,0,,,,,Y,Y,A,01,1,0,0,0,0,0,0,0,0,"- ","- ",39.136428833007812,-121.55280303955078,YUBA,UNINCORPORATED,-121.55288696289062,39.136390686035156
91792573,2022,2022-06-10,9285,2022-06-05,1915,020096,,7,2,9,5800,0,3,5,,1,002,"RIVERSIDE DRIVE","ALICIA AVE",105.00,N,N,B,-,N,,,,,,,,,,Y,2,0,1,1,A,-,08,22107,,N,E,I,A,A,H,-,A,D,0,,,Y,,Y,,C,02,1,0,0,0,0,0,0,0,1,"- ","- ",39.123489379882812,-121.58657836914062,YUBA,UNINCORPORATED,-121.58652496337891,39.123638153076172
91858708,2022,2022-09-07,9285,2022-08-30,2148,021659,,2,2,9,5800,0,1,3,,1,020,"RT 70","MCGOWAN PARKWAY",7867.00,S,N,A,-,Y,YUB,,70,,R,5.853,H,,L,N,2,0,1,1,A,-,01,23152,A,N,F,I,A,A,H,-,D,D,0,,,,,Y,Y,A,01,1,0,0,0,0,0,0,0,0,"- ","- ",39.056240081787109,-121.5440673828125,YUBA,UNINCORPORATED,-121.54396057128906,39.056255340576172
6351961,2014,2016-01-23,9285,2014-01-04,1135,17163,,6,1,9,5800,0,1,3,,1,020,"RT 70","OLIVEHURST AV",1631.00,S,N,A,-,Y,YUB,3,70,-,R,8.970,H,-,W,Y,2,0,3,1,A,-,08,22107,,N,F,A,A,A,H,-,A,D,1,,,,,Y,,A,07,2,1,0,0,0,0,0,0,0,"- ","- ",39.098959999999998,-121.54616,YUBA,UNINCORPORATED,-121.54674156999999,39.099685200000003
90381057,2017,2017-01-30,9285,2017-01-20,1500,015491,,5,2,9,5800,0,1,3,,1,062,"STATE ROUTE 20","MARYSVILLE ROAD",0.00,,Y,B,C,Y,,,20,,,,,,,Y,2,0,2,2,A,-,09,21801,A,N,A,C,A,B,H,-,A,A,0,,,,,Y,,A,07,2,0,0,0,0,0,0,0,0,"- ","- ",39.228619999999999,-121.41368,YUBA,UNINCORPORATED,-121.41349642,39.228067619999997
91051696,2019,2019-08-14,9285,2019-08-02,0540,018522,,5,3,9,5800,0,1,3,,1,020,SR-70,"MCGOWAN PKY",4224.00,S,N,A,-,Y,,,70,,,,,,,Y,2,0,1,1,A,-,08,22107,,N,F,A,A,A,H,-,D,D,0,,,,Y,Y,,G,25,1,0,0,0,0,0,0,0,0,"- ","- ",39.070751190185547,-121.54102325439453,YUBA,UNINCORPORATED,-121.54100036621094,39.070751190185547
91776776,2022,2022-05-20,9285,2022-05-11,1055,018291,,3,1,9,5800,0,3,5,,1,002,"ALICIA AVE.","FLEDA AVE.",145.00,N,N,A,-,N,,,,,,,,,,Y,2,0,1,2,A,-,07,21658,A,N,C,C,A,A,H,-,A,D,0,,,,,Y,,M,95,1,0,0,0,0,0,0,0,0,"- ","- ",39.119121551513672,-121.58020782470703,YUBA,UNINCORPORATED,-121.58025360107422,39.119132995605469
92094853,2023,2023-06-15,9285,2023-06-08,2023,021154,,4,2,9,5800,0,1,3,,1,020,"SR-70 N/B","FEATHER RIVER BLVD S.",2177.00,N,N,A,-,Y,YUB,,70," ",R,0.796,H,,R,Y,2,0,1,1,A,-,01,23152,A,N,E,8,A,A,H,-,B,D,0,,,,,Y,,A,01,1,0,0,0,0,0,0,0,0,"- ","- ",38.984088897705078,-121.54305267333984,YUBA,UNINCORPORATED,-121.54297637939453,38.984088897705078
90534930,2017,2017-08-28,9285,2017-08-13,0440,021197,,7,3,9,5800,0,2,4,,1,022,"ARBOGA RD.","MELODY RD",1056.00,S,N,A,-,N,,,,,,,,,,N,1,1,0,2,A,-,11,21956,A,F,G,B,E,A,H,-,D,D,0,Y,,,,Y,,N,60,0,0,0,1,0,0,0,0,0,"- ","- ",39.100070000000002,-121.56068,YUBA,UNINCORPORATED,-121.5607849,39.10195032
91202257,2020,2020-03-05,9285,2020-02-27,1640,019478,,4,2,9,5800,0,1,3,,1,060,SR-70,"CHANDLER RD",2112.00,N,N,A,-,Y,,,70,,,,,,,Y,2,0,4,1,A,-,08,22107,,N,E,I,A,A,H,-,A,A,0,,,,,Y,,A,07,1,2,1,0,0,0,0,0,0,"- ","- ",39.297969818115234,-121.59516906738281,YUBA,UNINCORPORATED,-121.59504699707031,39.2979736328125
6291780,2014,2014-12-22,5801,2014-11-13,0754,S1,,4,5,3,5801,0,0,0,,0,,"SIMPSON LN","MARYSVILLE CITY LIMITS",220.00,W,N,B,C,N,,,,,,,,,,Y,1,1,2,3,A,-,03,22350,,N,D,C,A,B,H,-,A,D,0,,,,,Y,,A,01,1,0,1,0,0,0,0,0,0,"- ","- ",,,YUBA,MARYSVILLE,,
9449098,2022,2022-07-11,5801,2022-05-11,0716,311,YUBAS,3,5,3,5801,0,0,0,,0,5801,"9TH ST","E ST",0.00,,Y,A,-,Y,YUB,3,20,-,-,0.989,I,5,E,N,2,0,1,2,A,-,10,21950,A,N,G,B,B,A,H,-,A,A,0,Y,,,Y,Y,,F,27,1,0,0,0,1,0,0,0,0,"- ","- ",,,YUBA,MARYSVILLE,-121.59117126464844,39.144687652587891
9640171,2023,2024-03-01,5801,2023-08-25,1147,,"YUBA ",5,5,3,5801,0,0,0,,0,5801,RT-20,"G ST",1.00,W,N,A,-,Y,YUB,3,20,-,-,0.750,I,5,W,N,1,1,1,2,A,-,05,21650,1,N,D,G,A,A,H,-,A,A,0,,Y,,,Y,,L,04,0,0,1,0,0,1,0,0,0,"- ","- ",,,YUBA,MARYSVILLE,-121.59439849853516,39.145576477050781
92422077,2024,2024-06-24,9285,2024-06-18,1410,019085,,2,2,9,5800,0,1,3,,1,020,"SR 70 N/B","FEATHER RIVER BLVD",898.00,S,N,A,-,Y,YUB,,70," ",R,11.209,H,,R,Y,2,0,3,4,A,-,03,22350,,N,C,C,A,A,H,-,A,D,0,,,,,Y,,D,22,1,0,2,0,0,0,0,0,0,"- ","- ",39.122898101806641,-121.57437133789062,YUBA,UNINCORPORATED,-121.57437133789062,39.122901916503906
91527883,2021,2021-07-23,9285,2021-07-13,1836,020106,,2,2,9,5800,0,1,3,,1,020,SR-70,"MCGOWAN PKWY",2961.00,N,N,A,-,Y,,,70,,,,,,,N,2,0,1,1,A,-,08,22107,,N,F,A,A,A,H,-,A,D,0,,,,,Y,,A,01,1,0,0,0,0,0,0,0,0,"- ","- ",39.085239410400391,-121.54149627685547,YUBA,UNINCORPORATED,-121.54167175292969,39.085254669189453
91885713,2022,2022-10-10,9285,2022-08-26,1552,021690,,5,2,9,5800,0,1,3,,1,020,"STATE ROUTE 70 SOUTHBOUND","ERLE ROAD",1531.00,S,N,A,-,Y,YUB,,70,,R,9.861,H,,L,Y,1,1,0,1,A,-,08,22107,,N,E,I,A,A,H,-,A,D,0,,,,,Y,Y,D,22,0,0,0,0,0,0,0,0,0,"- ","- ",39.109600067138672,-121.55648803710938,YUBA,UNINCORPORATED,-121.55653381347656,39.109580993652344
8081349,2016,2016-08-10,5801,2016-07-31,0151,351,,7,5,3,5801,0,0,0,,0,,"WALNUT ST",C943,60.00,S,N,A,-,N,,,,,,,,,,Y,2,0,1,1,A,-,01,23152,A,N,E,I,A,A,E,-,C,D,0,,,,,Y,Y,A,01,1,0,0,0,0,0,0,0,0,"- ","- ",,,YUBA,MARYSVILLE,,
9520915,2023,2023-09-13,5801,2023-05-14,"819 ",,YUBAS,7,5,3,5801,0,0,0,,0,,"RAMIREZ ST","E. 14TH ST",0.00,,Y,A,-,N,,,,,,,,,,Y,1,1,0,2,D,-,00,,,N,D,C,A,A,D,-,A,D,0,,,Y,Y,Y,,-,"- ",0,0,0,0,0,0,0,1,0,"- ","- ",,,YUBA,MARYSVILLE,-121.58293151855469,39.150989532470703
90014934,2015,2015-10-19,9285,2015-08-30,1510,018286,,7,2,9,5800,0,3,5,,1,002,"BLACKFORD RD","PLACER COUNTY LINE",406.00,N,N,A,-,N,,,,,,,,,,Y,2,0,1,1,A,-,08,22107,,N,E,I,A,A,H,-,A,D,0,,,,,Y,,A,01,1,0,0,0,0,0,0,0,0,"- ","- ",39.051090000000002,-121.31723,YUBA,UNINCORPORATED,-121.31677508,39.050789430000002
91048885,2019,2019-08-09,9285,2019-08-06,1420,019478,,2,2,9,5800,0,3,5,,1,002,"POWERLINE RD","8TH AVENUE",200.00,S,N,A,-,N,,,,,,,,,,Y,2,0,1,1,A,-,08,22107,,N,E,I,A,A,H,-,A,D,0,,,,,Y,Y,A,01,1,0,0,0,0,0,0,0,0,"- ","- ",39.092658996582031,-121.54237365722656,YUBA,UNINCORPORATED,-121.54240417480469,39.092670440673828
6408337,2014,2014-06-28,9285,2014-03-08,1055,014241,,6,1,9,5800,0,2,4,,2,081,"MARYSVILLE RD","MERRIAM RD",10032.00,E,N,A,-,N,,,,,,,,,,Y,2,0,1,1,A,-,08,22107,,N,F,A,A,A,H,-,A,D,0,,,,,Y,,D,22,1,0,0,0,0,0,0,0,0,"- ","- ",39.366199999999999,-121.17619999999999,YUBA,UNINCORPORATED,-121.17550113,39.364596429999999
90015551,2015,2015-10-19,9285,2015-09-02,2302,019144,,3,3,9,5800,0,2,4,,2,025,S/R-65,"S. BEALE ROAD",1900.00,S,N,A,-,Y,,,,,,,,,,Y,2,0,3,3,A,-,01,23152,A,N,C,C,A,A,H,-,D,D,0,,,Y,,Y,Y,D,22,1,1,1,0,0,0,0,0,3,"- ","- ",39.037089999999999,-121.46644000000001,YUBA,UNINCORPORATED,,
90064806,2015,2015-12-03,9285,2015-11-27,1530,017129,,5,2,9,5800,0,3,5,,1,006,"SR-20 E/B","SMARTVILLE RD",528.00,E,N,A,-,Y,,,20,,,,,,E,Y,2,0,1,1,A,-,01,23152,F,N,E,I,A,A,H,-,B,D,0,,,,,Y,Y,D,22,1,0,0,0,0,0,0,0,0,"- ","- ",39.208370000000002,-121.30601,YUBA,UNINCORPORATED,-121.30602917,39.20835246
90116319,2016,2016-02-16,9285,2016-02-13,1015,15048,,6,1,9,5800,0,2,4,,1,042,"HAMMONTON SMARTVILLE ROAD","SOUTH GOLDEN PKWY",8976.00,W,N,A,-,N,,,,,,,,,,Y,2,0,1,1,A,-,08,22107,,N,E,I,A,A,H,-,A,D,0,,,Y,,Y,,C,02,1,0,0,0,0,0,0,0,1,"- ","- ",39.193460000000002,-121.34605999999999,YUBA,UNINCORPORATED,-121.34526895,39.193115730000002
90754480,2018,2018-06-25,9285,2018-06-01,2225,020096,,5,3,9,5800,0,3,5,,1,002,"GARDEN AVENUE (5800 BLOCK)","CEDAR LANE",400.00,S,N,A,-,N,,,,,,,,,,N,2,0,1,2,A,-,05,21650,,F,B,G,A,A,H,-,D,D,0,,,Y,,Y,,D,22,1,0,0,0,0,0,0,0,1,"- ","- ",39.124050140380859,-121.58048248291016,YUBA,UNINCORPORATED,-121.58045959472656,39.124130249023438
91246759,2020,2020-06-03,9285,2020-05-24,1335,020224,,7,1,9,5800,0,2,4,,1,061,"MARYSVILLE RD","COLLINS LAKE RD",30.00,N,N,A,-,N,,,,,,,,,,Y,2,0,1,2,A,-,03,22350,,N,C,C,A,A,H,-,A,D,0,,,Y,,Y,,C,02,1,0,0,0,0,0,0,0,1,"- ","- ",39.343250274658203,-121.33538055419922,YUBA,UNINCORPORATED,-121.33544921875,39.343166351318359
92114748,2023,2023-07-12,9285,2023-06-17,2500,021328,,6,4,9,5800,0,1,3,,1,062,SR-20,"SICARD FLAT ROAD",697.00,W,N,A,-,Y,YUB,,20," "," ",16.837,H,,R,Y,1,1,0,1,A,-,08,22107,,N,E,I,A,A,H,-,A,D,0,,,Y,,Y,,C,02,0,0,0,0,0,0,0,1,0,"- ","- ",39.229450225830078,-121.35085296630859,YUBA,UNINCORPORATED,-121.35089111328125,39.229427337646484
91069505,2019,2019-09-06,9285,2019-08-25,0140,019085,,7,3,9,5800,0,2,4,,2,025,"SR-65 N/B","FORTY MILE RD",1740.00,S,N,A,-,Y,,,65,,,,,,N,Y,2,0,2,2,A,-,03,22350,,N,C,C,A,A,H,-,D,C,0,,,,,Y,Y,A,01,1,1,0,0,0,0,0,0,0,"- ","- ",39.062530517578125,-121.51013946533203,YUBA,UNINCORPORATED,-121.51014709472656,39.062519073486328
91446988,2021,2021-04-09,9285,2021-04-08,1400,019830,,4,2,9,5800,0,2,4,,1,042,"HAMMONTON SMARTVILLE RD","ONE THOUSAND OAKS LANE",540.00,W,N,A,-,N,,,,,,,,,,Y,2,0,1,1,A,-,08,22107,,N,F,A,A,A,H,-,A,D,0,,,Y,,Y,,C,02,1,0,0,0,0,0,0,0,1,"- ","- ",39.198360443115234,-121.31802368164062,YUBA,UNINCORPORATED,-121.31795501708984,39.198356628417969
6887219,2015,2015-05-07,9285,2015-03-23,2100,017190,,1,2,9,5800,0,2,4,,1,061,"MARYSVILLE RD","KENMIR RANCH RD",171.00,N,N,A,-,N,,,,,,,,,,Y,2,0,4,2,A,-,01,23152,E,N,A,C,A,A,H,-,D,D,0,,,,,Y,,D,22,1,2,1,0,0,0,0,0,0,"- ","- ",39.29148,-121.38484,YUBA,UNINCORPORATED,-121.38451588,39.292045940000001
90063847,2015,2015-12-02,9285,2015-10-22,1540,018632,,4,2,9,5800,1,3,5,,1,004,"CHUCK YEAGER ROAD","HAMMONTON SMARTVILLE ROAD",1402.00,S,N,A,-,N,,,,,,,,,,Y,1,1,6,2,A,-,05,21460,A,N,A,C,A,A,H,-,A,D,0,,,,,Y,,D,22,1,0,5,0,0,0,0,0,0,"- ","- ",39.198390000000003,-121.30197,YUBA,UNINCORPORATED,-121.30119489,39.19185066