CASE_ID,ACCIDENT_YEAR,PROC_DATE,JURIS,COLLISION_DATE,COLLISION_TIME,OFFICER_ID,REPORTING_DISTRICT,DAY_OF_WEEK,CHP_SHIFT,POPULATION,CNTY_CITY_LOC,SPECIAL_COND,BEAT_TYPE,CHP_BEAT_TYPE,CITY_DIVISION_LAPD,CHP_BEAT_CLASS,BEAT_NUMBER,PRIMARY_RD,SECONDARY_RD,DISTANCE,DIRECTION,INTERSECTION,WEATHER_1,WEATHER_2,STATE_HWY_IND,CALTRANS_COUNTY,CALTRANS_DISTRICT,STATE_ROUTE,ROUTE_SUFFIX,POSTMILE_PREFIX,POSTMILE,LOCATION_TYPE,RAMP_INTERSECTION,SIDE_OF_HWY,TOW_AWAY,COLLISION_SEVERITY,NUMBER_KILLED,NUMBER_INJURED,PARTY_COUNT,PRIMARY_COLL_FACTOR,PCF_CODE_OF_VIOL,PCF_VIOL_CATEGORY,PCF_VIOLATION,PCF_VIOL_SUBSECTION,HIT_AND_RUN,TYPE_OF_COLLISION,MVIW,PED_ACTION,ROAD_SURFACE,ROAD_COND_1,ROAD_COND_2,LIGHTING,CONTROL_DEVICE,CHP_ROAD_TYPE,PEDESTRIAN_ACCIDENT,BICYCLE_ACCIDENT,MOTORCYCLE_ACCIDENT,TRUCK_ACCIDENT,NOT_PRIVATE_PROPERTY,ALCOHOL_INVOLVED,STWD_VEHTYPE_AT_FAULT,CHP_VEHTYPE_AT_FAULT,COUNT_SEVERE_INJ,COUNT_VISIBLE_INJ,COUNT_COMPLAINT_PAIN,COUNT_PED_KILLED,COUNT_PED_INJURED,COUNT_BICYCLIST_KILLED,COUNT_BICYCLIST_INJURED,COUNT_MC_KILLED,COUNT_MC_INJURED,PRIMARY_RAMP,SECONDARY_RAMP,LATITUDE,LONGITUDE,COUNTY,CITY,POINT_X,POINT_Y
90584834,2017,2017-11-01,9285,2017-10-22,1045,018986,,7,1,9,5800,0,2,4,,2,082,"LA PORTE ROAD","MARTIN RD",72.00,E,N,A,-,N,,,,,,,,,,N,2,0,1,2,A,-,05,21650,,N,A,G,A,A,H,-,A,D,0,,Y,,,Y,,L,04,1,0,0,0,0,0,1,0,0,"- ","- ",39.440440000000002,-121.34122000000001,YUBA,UNINCORPORATED,-121.34130562,39.440542319999999
90587019,2017,2017-11-03,9285,2017-10-26,1552,017118,,4,2,9,5800,0,1,3,,1,060,SR-70,"LAURELLEN RD",3168.00,N,N,A,-,Y,,,70,,,,,,,Y,2,0,2,2,A,-,08,22107,,N,D,C,A,A,H,-,A,D,0,,,,,Y,,D,22,1,1,0,0,0,0,0,0,0,"- ","- ",39.17736,-121.5913,YUBA,UNINCORPORATED,-121.59130432000001,39.177358820000002
91206813,2020,2020-03-12,9285,2020-03-10,0000,019830,,2,3,9,5800,0,2,4,,2,021,"FEATHER RIVER BLVD","RICH RD",528.00,S,N,A,-,N,,,,,,,,,,Y,2,0,1,1,A,-,08,22107,,N,F,A,A,A,H,-,D,D,0,,,,,Y,,A,01,1,0,0,0,0,0,0,0,0,"- ","- ",39.021389007568359,-121.57874298095703,YUBA,UNINCORPORATED,-121.57878112792969,39.022270202636719
91263601,2020,2020-07-06,9285,2020-06-30,0550,019085,,2,3,9,5800,0,2,4,,2,021,"FEATHER RIVER BLVD","ALGODON RD",848.00,S,N,A,-,N,,,,,,,,,,Y,2,0,1,1,A,-,08,22107,,N,F,A,A,A,H,-,A,D,0,,,,,Y,,A,07,1,0,0,0,0,0,0,0,0,"- ","- ",39.004360198974609,-121.57595062255859,YUBA,UNINCORPORATED,-121.57582092285156,39.004493713378906
91614636,2021,2021-11-03,9285,2021-09-10,2335,020070,,5,3,9,5800,0,2,4,,2,025,"STATE ROUTE 65","DRY CREEK LEVEE RD",228.00,N,N,A,-,Y,,,65,,,,,,,Y,1,1,1,2,A,-,11,21956,A,N,G,B,E,A,H,-,D,D,0,Y,,,,Y,,N,60,0,1,0,1,0,0,0,0,0,"- ","- ",39.022720336914062,-121.44551086425781,YUBA,UNINCORPORATED,-121.44551086425781,39.022720336914062
92232568,2023,2023-11-09,9285,2023-10-30,2320,022401,,1,3,9,5800,0,3,5,,1,008,"BARTON HILL ROAD","HARMONY CIRCLE ROAD",355.00,N,N,A,-,N,,,,,,,,,,Y,2,0,1,1,A,-,01,23152,A,N,E,8,A,A,H,-,D,D,0,,,,,Y,Y,A,01,1,0,0,0,0,0,0,0,0,"- ","- ",39.546779632568359,-121.13214111328125,YUBA,UNINCORPORATED,-121.13385772705078,39.547782897949219
91774912,2022,2022-05-18,9285,2022-05-13,0955,018291,,5,1,9,5800,0,3,5,,1,002,"LEVEE RD.","ELLA AVE",1400.00,N,N,A,-,N,,,,,,,,,,Y,2,0,1,1,A,-,01,23152,A,M,F,A,A,A,H,-,A,D,0,,,,,Y,Y,A,07,1,0,0,0,0,0,0,0,0,"- ","- ",39.074661254882812,-121.59546661376953,YUBA,UNINCORPORATED,,
90202008,2016,2016-06-15,9285,2016-06-08,1455,018986,,3,2,9,5800,0,2,4,,2,021,"FEATHER RIVER BLVD","GARDEN AVE",255.00,E,N,A,-,N,,,,,,,,,,Y,2,0,1,2,A,-,07,21658,A,N,B,C,A,A,H,-,A,D,0,,,Y,,Y,,D,22,1,0,0,0,0,0,0,0,1,"- ","- ",39.123640000000002,-121.57817,YUBA,UNINCORPORATED,-121.57819617,39.123492480000003
90390188,2017,2017-04-17,9285,2017-01-20,1815,020170,,5,2,9,5800,0,2,4,,1,041,"NORTH BEALE ROAD","LINDHURST AVENUE",734.00,E,N,B,C,N,,,,,,,,,,N,1,1,0,2,D,-,00,,,F,G,B,E,B,H,-,D,D,0,Y,,,,Y,,-,"- ",0,0,0,1,0,0,0,0,0,"- ","- ",39.125590000000003,-121.56919000000001,YUBA,UNINCORPORATED,-121.57141555,39.124749010000002
91217634,2020,2020-03-27,9285,2020-03-17,0925,019253,,2,1,3,5801,0,2,4,,1,041,"NORTH BEALE RD","GOLDFIELDS PARKWAY",0.00,,Y,A,-,N,,,,,,,,,,Y,2,0,2,2,A,-,09,21801,A,N,D,C,A,A,H,-,A,A,0,,,,,Y,,A,01,1,1,0,0,0,0,0,0,0,"- ","- ",39.128158569335938,-121.52813720703125,YUBA,MARYSVILLE,-121.528192,39.128163000000001
91490465,2021,2021-10-29,9285,2021-05-23,1500,020106,,7,2,9,5800,0,1,3,,1,062,SR-20,"LOMA RICA RD",0.00,,Y,A,C,N,,,20,,,,,,,Y,2,0,1,2,A,-,09,21802,B,F,A,C,A,A,H,-,A,D,0,,,Y,,Y,,-,"- ",1,0,0,0,0,0,0,0,0,"- ","- ",39.214179992675781,-121.51072692871094,YUBA,UNINCORPORATED,-121.51071166992188,39.214084625244141
91832489,2022,2022-08-03,9285,2022-08-01,1240,019085,,1,1,9,5800,0,3,5,,1,006,"LOS VER JELES RD","LOS VER JELLES RD",1126.00,S,N,B,-,N,,,,,,,,,,Y,2,0,2,1,A,-,08,22107,,N,E,I,A,A,H,-,A,D,0,,,,,Y,,D,22,1,1,0,0,0,0,0,0,0,"- ","- ",39.351181030273438,-121.36566162109375,YUBA,UNINCORPORATED,,
6424635,2014,2014-06-25,9230,2014-03-11,1535,014289,,2,2,9,5800,0,1,3,,1,081,"RT 49","JACKSON ST",2112.00,N,N,A,-,Y,,,49,,,,,,,Y,2,0,1,1,A,-,01,23152,F,N,E,I,A,A,H,-,A,D,0,,,,,Y,Y,D,22,1,0,0,0,0,0,0,0,0,"- ","- ",39.453870000000002,-121.05212,YUBA,UNINCORPORATED,-121.05219907999999,39.453868300000003
91035401,2019,2019-07-22,9285,2019-06-28,1600,017382,,5,2,9,5800,0,1,3,,1,062,SR-20,"STEFFEN TRAIL",396.00,E,N,A,-,Y,,,20,,,,,,,Y,2,0,1,1,A,-,08,22107,,N,F,I,A,A,H,-,A,D,0,,,Y,,Y,,C,02,1,0,0,0,0,0,0,0,1,"- ","- ",39.231090545654297,-121.35308837890625,YUBA,UNINCORPORATED,-121.35311126708984,39.231002807617188
9794795,2025,2025-04-11,5801,2025-03-05,1421,311,YUBA,3,5,3,5801,0,0,0,,0,5801,"10TH ST","H ST",0.00,,Y,B,-,Y,YUB,3,20,-,-,0.700,H,-,E,Y,2,0,8,5,A,-,03,22350,,N,C,C,A,A,H,-,A,A,0,,,,Y,Y,,A,01,3,1,4,0,0,0,0,0,0,"- ","- ",,,YUBA,MARYSVILLE,-121.59544372558594,39.145374298095703
90753178,2018,2018-06-21,9285,2018-06-03,1740,020224,,7,2,9,5800,0,2,4,,2,081,"MARYSVILLE RD","LAKESIDE WAY",100.00,S,N,A,-,N,,,,,,,,,,Y,2,0,1,2,A,-,06,21750,A,N,B,C,A,A,H,-,A,D,0,,,Y,,Y,,C,02,1,0,0,0,0,0,0,0,1,"- ","- ",39.350231170654297,-121.32868957519531,YUBA,UNINCORPORATED,-121.32819366455078,39.3509521484375
92136468,2023,2023-08-04,9285,2023-07-28,1744,021012,,5,2,9,5800,0,2,4,,1,042,"HAMMONTON SMARTSVILLE RD","HENWOOD RANCH RD",2640.00,E,N,A,-,N,,,,,,,,,,Y,2,0,4,2,A,-,05,21752,A,N,A,C,A,A,H,-,A,D,0,,,,,Y,,A,01,1,3,0,0,0,0,0,0,0,"- ","- ",39.191211700439453,-121.350341796875,YUBA,UNINCORPORATED,-121.35636138916016,39.193950653076172
92441249,2024,2024-07-17,9285,2024-07-12,"757 ",018291,,5,1,9,5800,0,2,4,,1,041,"N. BEALE RD.","FEATHER RIVER BLVD.",750.00,E,N,A,-,N,,,,,,,,,,N,2,0,1,2,A,-,11,21954,A,N,G,B,D,A,H,-,A,A,0,Y,,,,Y,,N,60,1,0,0,0,1,0,0,0,0,"- ","- ",39.125270843505859,-121.57317352294922,YUBA,UNINCORPORATED,-121.57317352294922,39.125251770019531
6291982,2014,2015-02-25,9285,2014-04-25,1045,14744,,5,1,9,5800,1,3,5,,1,008,"MARYSVILLE RD","FRENCHTOWN DOBBINS RD",1725.00,W,N,B,-,N,,,,,,,,,,Y,1,1,0,1,A,-,08,22107,,N,E,I,A,A,H,-,A,D,0,,,,,Y,,H,64,0,0,0,0,0,0,0,0,0,"- ","- ",39.373359999999998,-121.23430999999999,YUBA,UNINCORPORATED,-121.23460736,39.37284528
90203288,2016,2016-06-16,9285,2016-06-03,2045,018522,,5,2,9,5800,0,2,4,,1,022,"MCGOWAN PARKWAY","MARY AVENUE",550.00,E,N,A,-,N,,,,,,,,,,Y,2,0,1,2,A,-,09,21801,A,F,D,G,A,A,H,-,B,D,0,,Y,,,Y,,D,22,1,0,0,0,0,0,1,0,0,"- ","- ",39.07714,-121.54528000000001,YUBA,UNINCORPORATED,-121.54528284,39.077236149999997
91641323,2021,2021-12-16,9230,2021-11-19,0800,020425,,5,1,9,5800,0,3,5,,2,080,"RIDGE ROAD","PIKE CITY ROAD",6019.00,W,N,B,C,N,,,,,,,,,,Y,2,0,1,2,A,-,03,22350,,N,A,C,A,B,H,-,A,D,0,,,,,Y,,A,01,1,0,0,0,0,0,0,0,0,"- ","- ",39.418910980224609,-121.03643035888672,YUBA,UNINCORPORATED,-121.03639984130859,39.418891906738281
90799907,2018,2018-08-28,9285,2018-08-18,2000,019085,,6,2,9,5800,0,3,5,,1,002,"VINE AVE","ALICIA AVE",480.00,W,N,B,-,N,,,,,,,,,,N,2,0,1,2,C,-,18,,,N,G,B,E,A,H,-,D,D,0,Y,,,,Y,,-,"- ",1,0,0,0,1,0,0,0,0,"- ","- ",39.113330841064453,-121.57360076904297,YUBA,UNINCORPORATED,-121.57384490966797,39.11309814453125
91550197,2021,2021-11-02,9285,2021-08-15,1450,020106,,7,2,9,5800,0,1,3,,1,062,SR-20,"JAMESTOWN CT.",25.00,N,N,A,-,Y,,,20,,,,,,,Y,2,0,3,3,A,-,03,22350,,N,C,C,A,A,H,-,A,D,0,,,,,Y,,-,"- ",1,1,1,0,0,0,0,0,0,"- ","- ",39.221229553222656,-121.45501708984375,YUBA,UNINCORPORATED,-121.45501708984375,39.221218109130859
92144327,2023,2023-08-15,9285,2023-08-03,2226,022125,,4,3,9,5800,0,2,4,,2,021,"FEATHER RIVER BLVD","KILBERN AVE",528.00,S,N,A,-,N,,,,,,,,,,Y,2,0,1,1,A,-,01,23152,F,N,E,8,A,A,H,-,C,D,0,,,,,Y,Y,A,01,1,0,0,0,0,0,0,0,0,"- ","- ",39.098239898681641,-121.57897186279297,YUBA,UNINCORPORATED,-121.57883453369141,39.098529815673828
8551484,2018,2018-02-21,5801,2018-01-29,0437,327,5801,1,5,3,5801,0,0,0,,0,,"3RD ST","H ST",315.00,E,N,A,-,N,,,,,,,,,,Y,2,0,2,2,A,-,03,22350,,N,C,C,A,A,H,-,C,D,0,,,,Y,Y,Y,A,01,1,0,1,0,0,0,0,0,0,"- ","- ",,,YUBA,MARYSVILLE,-121.59366607666016,39.137718200683594
90199745,2016,2016-06-13,9285,2016-06-06,1605,018632,,1,2,9,5800,0,2,4,,2,021,"FEATHER RIVER BLVD","BROADWAY RD",0.00,,Y,A,-,N,,,,,,,,,,Y,2,0,3,2,A,-,12,22450,A,N,D,C,A,A,H,-,A,D,0,,,,,Y,,A,01,2,0,1,0,0,0,0,0,0,"- ","- ",39.04759,-121.57888,YUBA,UNINCORPORATED,-121.5788999,39.047569979999999
90116369,2016,2016-02-16,9285,2016-02-15,1610,017272,,1,2,9,5800,0,3,5,,1,002,"POWERLINE ROAD","9TH STREET",30.00,S,N,A,-,N,,,,,,,,,,N,2,0,1,2,A,-,03,22350,,N,C,C,A,A,H,-,A,A,0,,,Y,,Y,,C,02,1,0,0,0,0,0,0,0,1,"- ","- ",39.091290000000001,-121.54241,YUBA,UNINCORPORATED,-121.54247315000001,39.091367650000002
90704519,2018,2018-04-12,9285,2018-03-23,2125,020224,,5,2,9,5800,0,2,4,,1,022,"OLIVEHURST AVE","10TH AVENUE",75.00,S,N,A,-,N,,,,,,,,,,N,2,0,1,2,A,-,01,23152,A,N,G,B,E,A,H,-,D,D,0,Y,,,,Y,Y,A,01,1,0,0,0,1,0,0,0,0,"- ","- ",39.089519500732422,-121.5518798828125,YUBA,UNINCORPORATED,-121.55178833007812,39.089653015136719
90993442,2019,2019-05-21,9285,2019-05-17,2340,019478,,5,3,9,5800,0,3,5,,1,002,"OAKLEY LN",SR-65,50.00,S,N,A,-,N,,,,,,,,,,Y,1,1,0,1,A,-,01,23152,A,N,F,I,A,A,H,-,D,A,0,,,Y,,Y,Y,C,02,0,0,0,0,0,0,0,1,0,"- ","- ",39.034908294677734,-121.46330261230469,YUBA,UNINCORPORATED,-121.46273040771484,39.034370422363281
91901483,2022,2022-10-27,9285,2022-10-20,1816,021012,,4,2,9,5800,0,2,4,,2,081,"WILLOW GLEN RD","SKYVIEW CT",0.00,,Y,A,-,N,,,,,,,,,,Y,2,0,2,2,A,-,01,23152,A,N,D,C,A,A,H,-,B,D,0,,,,,Y,Y,A,07,2,0,0,0,0,0,0,0,0,"- ","- ",39.373451232910156,-121.32073974609375,YUBA,UNINCORPORATED,-121.32071685791016,39.373504638671875
92130574,2023,2023-07-28,9285,2023-07-22,"50  ",022320,,6,3,3,5801,0,2,4,,1,022,"LINDHURST AVENUE","SHARP AVE",18.00,N,N,A,-,N,,,,,,,,,,Y,2,0,2,6,A,-,01,23152,A,N,B,4,A,A,H,-,C,D,0,,Y,,,Y,Y,A,07,2,0,0,0,0,0,1,0,0,"- ","- ",39.119991302490234,-121.56374359130859,YUBA,MARYSVILLE,-121.56383514404297,39.119976043701172
90575984,2017,2017-10-23,9285,2017-09-25,2025,019830,,1,2,9,5800,0,3,5,,1,008,"FRENCHTOWN ROAD","VAVASSUER WAY",908.00,N,N,A,-,N,,,,,,,,,,Y,1,1,2,1,A,-,01,23152,A,N,E,J,A,A,H,-,D,D,0,,,,,Y,Y,A,01,1,1,0,0,0,0,0,0,0,"- ","- ",39.389040000000001,-121.25870999999999,YUBA,UNINCORPORATED,-121.25846011,39.389586350000002
90149777,2016,2016-04-04,9230,2016-03-19,1315,020411,,6,1,9,5800,0,1,3,,1,081,SR-49,"MARYSVILLE RD",2640.00,S,N,A,-,Y,,,49,,,,,,,Y,2,0,1,1,A,-,03,22350,,N,E,I,A,A,H,-,A,D,0,,,Y,,Y,,C,02,1,0,0,0,0,0,0,0,1,"- ","- ",39.430630000000001,-121.07599999999999,YUBA,UNINCORPORATED,-121.07597018,39.430661129999997
91384027,2021,2021-01-08,9285,2021-01-01,0206,021460,,5,3,9,5800,0,3,5,,1,002,"OLIVEHURST AVE","7TH AVENUE",520.00,N,N,A,-,N,,,,,,,,,,Y,2,0,3,2,A,-,01,23152,A,N,A,C,A,A,H,-,C,A,0,,,,,Y,Y,A,01,1,0,2,0,0,0,0,0,0,"- ","- ",39.097030639648438,-121.551513671875,YUBA,UNINCORPORATED,-121.55155181884766,39.096706390380859
91816184,2022,2022-07-13,9285,2022-07-04,1342,018986,,1,1,9,5800,0,2,4,,1,061,"LOMA RICA RD","CROSS STAR TRL",1456.00,W,N,A,-,N,,,,,,,,,,Y,2,0,1,1,A,-,08,22107,,N,F,A,A,A,H,-,A,D,0,,,Y,,Y,,C,02,1,0,0,0,0,0,0,0,1,"- ","- ",39.330768585205078,-121.35569000244141,YUBA,UNINCORPORATED,-121.35549163818359,39.330760955810547
92147499,2023,2023-08-18,9285,2023-08-15,1905,018986,,2,2,9,5800,0,2,4,,2,082,"QUINCY LA PORTE ROAD","FORBESTOWN ROAD",1520.00,S,N,A,-,N,,,,,,,,,,Y,1,1,1,2,A,-,01,23152,F,N,A,C,A,A,H,-,A,D,0,,,,,Y,,D,22,0,1,0,0,0,0,0,0,0,"- ","- ",39.510669708251953,-121.19647979736328,YUBA,UNINCORPORATED,-121.20217132568359,39.508167266845703
92173332,2023,2023-09-19,9285,2023-09-10,1840,021154,,7,2,9,5800,0,1,3,,1,062,"SR-20 W/B","PEORIA RD.",65.00,W,N,A,-,Y,YUB,,20," "," ",15.603,H,,L,Y,2,0,2,4,A,-,08,22107,,N,E,I,A,A,H,-,B,D,0,,,,,Y,,A,01,2,0,0,0,0,0,0,0,0,"- ","- ",39.232879638671875,-121.37165069580078,YUBA,UNINCORPORATED,-121.37154388427734,39.2327880859375
92319170,2024,2024-02-21,9285,2024-02-18,2320,021599,,7,3,9,5800,0,2,4,,1,041,"NORTH BEALE ROAD","LINDA AVENUE",318.00,E,N,C,-,N,,,,,,,,,,Y,2,0,1,1,A,-,03,22350,,N,E,8,A,B,H,-,C,D,0,,,,,Y,,A,01,1,0,0,0,0,0,0,0,0,"- ","- ",39.127899169921875,-121.64051818847656,YUBA,UNINCORPORATED,-121.54067993164062,39.128017425537109
90856783,2018,2018-11-09,9285,2018-11-01,1748,016426,,4,2,9,5800,0,1,3,,1,060,SR70,"NOBLE RD",500.00,S,N,A,-,Y,,,70,,,,,,,Y,1,1,1,2,A,-,05,21460,A,N,B,C,A,A,H,-,A,D,0,,,Y,,Y,,C,02,0,1,0,0,0,0,0,1,0,"- ","- ",39.206089019775391,-121.59552001953125,YUBA,UNINCORPORATED,-121.59551239013672,39.206096649169922
92049507,2023,2023-04-20,9285,2023-04-09,2500,020070,,7,4,9,5800,0,1,3,,1,020,"SR-70 NORTHBOUND TO LINDHURST AVE","OLIVEHURST AVE",1000.00,S,N,A,-,Y,YUB,,70," ",R,9.125,H,,R,Y,2,0,1,1,A,-,08,22107,,N,E,I,A,A,H,-,D,B,0,,,Y,,Y,,C,02,1,0,0,0,0,0,0,0,1,"- ","- ",39.10137939453125,-121.54805755615234,YUBA,UNINCORPORATED,-121.54826354980469,39.101188659667969
92223943,2023,2023-10-31,9285,2023-10-21,"630 ",019223,,6,1,9,5800,0,2,4,,2,021,"FEATHER RIVER BLVD","PLUMAS ARBOGA RD",228.00,S,N,A,-,N,,,,,,,,,,Y,2,0,1,1,A,-,03,22350,,N,E,I,A,A,H,-,B,D,0,,,,,Y,,A,01,1,0,0,0,0,0,0,0,0,"- ","- ",39.054271697998047,-121.57907104492188,YUBA,UNINCORPORATED,-121.57891845703125,39.054309844970703
9240149,2021,2021-05-03,5801,2021-04-02,0622,310,,5,5,3,5801,0,0,0,,0,,"E ST","3RD ST",0.00,,Y,A,-,Y,YUB,3,70,-,-,14.240,H,-,E,Y,2,0,1,2,A,-,03,22350,,N,C,C,A,A,H,-,B,A,0,,,,Y,Y,,A,07,1,0,0,0,0,0,0,0,0,"- ","- ",,,YUBA,MARYSVILLE,-121.59018707275391,39.137866973876953
90237761,2016,2016-08-04,9285,2016-07-31,1100,017129,,7,1,9,5800,0,2,4,,1,042,"HAMMONTON SMARTVILLE RD","DOWNEY GUNNING RD",158.00,W,N,A,-,N,,,,,,,,,,Y,2,0,1,1,A,-,03,22350,,N,F,A,A,A,H,-,A,D,0,,,,,Y,,A,01,1,0,0,0,0,0,0,0,0,"- ","- ",39.193429999999999,-121.3468,YUBA,UNINCORPORATED,,
94370902,2024,2024-08-27,9285,2024-08-17,2500,018986,,6,4,9,5800,0,2,4,,2,081,"WILLOW GLEN RD","MEADOW LANE",787.00,S,N,A,-,N,,,,,,,,,,Y,1,1,0,1,A,-,08,22107,,N,F,A,A,A,H,-,A,D,0,,,Y,,Y,Y,C,02,0,0,0,0,0,0,0,1,0,"- ","- ",39.407020568847656,-121.30934143066406,YUBA,UNINCORPORATED,-121.31125640869141,39.398319244384766
91529779,2021,2021-07-27,9285,2021-07-16,1620,018291,,5,2,9,5800,0,3,5,,1,004,"SIMPSON LN.","DAVIS RD.",425.00,W,N,A,-,N,,,,,,,,,,Y,2,0,2,3,A,-,03,22350,,N,A,C,A,A,H,-,A,D,0,,,,,Y,,A,07,1,1,0,0,0,0,0,0,0,"- ","- ",39.142021179199219,-121.57681274414062,YUBA,UNINCORPORATED,-121.57683563232422,39.142055511474609
91857708,2022,2022-09-06,9230,2022-05-29,1620,020425,,7,2,9,5800,0,3,5,,2,080,"MOONSHINE ROAD","OLD TOLL RD",582.00,W,N,A,-,N,,,,,,,,,,Y,1,1,0,1,A,-,01,23152,A,N,E,I,A,A,H,-,A,D,0,,,,,Y,Y,A,07,0,0,0,0,0,0,0,0,0,"- ","- ",39.386871337890625,-121.08731842041016,YUBA,UNINCORPORATED,-121.087158203125,39.388629913330078
91352839,2020,2020-11-24,9285,2020-11-17,1755,020106,,2,2,9,5800,0,2,4,,1,042,"HAMMONTON SMARTVILLE RD","HAMMONTON RD",3062.00,W,N,C,-,N,,,,,,,,,,Y,2,0,3,2,A,-,08,22107,,N,A,C,A,B,H,-,D,D,0,,,,,Y,,A,07,2,0,1,0,0,0,0,0,0,"- ","- ",39.160350799560547,-121.46038818359375,YUBA,UNINCORPORATED,-121.46028137207031,39.160385131835938
6290727,2014,2014-06-12,9285,2014-01-01,1415,15048,,3,2,9,5800,0,3,5,,1,004,"SIMPSON LN","SIMPSON DANTONI RD",213.00,N,N,A,-,N,,,,,,,,,,Y,1,1,0,1,A,-,03,22350,,F,F,A,A,A,H,-,A,D,0,,,,,Y,,A,07,0,0,0,0,0,0,0,0,0,"- ","- ",39.13561,-121.55249000000001,YUBA,UNINCORPORATED,-121.55269921999999,39.136123060000003
6291905,2014,2015-02-02,9285,2014-10-31,0956,14480,,5,1,9,5800,0,3,5,,1,008,"BARTON N HILL RD","TAMBI LN",2640.00,E,N,B,-,N,,,,,,,,,,Y,1,1,0,1,A,-,08,22107,,N,E,I,A,A,H,-,A,D,0,,,,,Y,Y,A,07,0,0,0,0,0,0,0,0,0,"- ","- ",39.552030000000002,-121.12903,YUBA,UNINCORPORATED,-121.1286664,39.552078760000001
6377273,2014,2014-06-11,9285,2014-02-20,1845,18522,,4,2,9,5800,0,3,5,,1,008,"FRENCHTOWN RD","FRENCHTOWN DOBBINS RD",346.00,S,N,A,-,N,,,,,,,,,,N,2,0,1,1,C,-,18,,,N,H,H,A,A,H,-,D,D,0,,,Y,,Y,,-,"- ",1,0,0,0,0,0,0,0,1,"- ","- ",39.384880000000003,-121.25789,YUBA,UNINCORPORATED,-121.25784416,39.384927490000003
6408336,2014,2014-07-07,9285,2014-03-02,1301,018340,,7,1,9,5800,0,2,4,,1,042,"HAMMONTON SMARTVILLE RD","SOUTH GOLDEN PKWY",528.00,W,N,B,-,N,,,,,,,,,,Y,2,0,2,2,A,-,08,22107,,N,-,C,A,B,H,-,A,D,0,,,,Y,Y,,D,22,1,0,1,0,0,0,0,0,0,"- ","- ",39.197159999999997,-121.32168,YUBA,UNINCORPORATED,-121.31804092,39.198303449999997
6486167,2014,2016-03-26,9285,2014-05-06,2341,017080,,2,3,9,5800,0,1,3,,1,020,"RT 70","3RD ST",1584.00,S,N,A,-,Y,YUB,3,70,-,-,13.890,H,-,E,Y,2,0,3,4,A,-,03,22350,,N,C,C,E,A,H,-,C,D,4,Y,,,,Y,,A,01,1,1,1,0,1,0,0,0,0,"- ","- ",39.132649999999998,-121.58862000000001,YUBA,UNINCORPORATED,-121.58882101,39.132975639999998
6576623,2014,2016-04-25,9285,2014-07-29,0740,014878,,2,1,9,5800,0,1,4,,1,062,"RT 20","DOWNEY GUNNING RD",360.00,E,N,A,-,Y,YUB,3,20,-,-,18.810,H,-,E,Y,2,0,2,1,A,-,03,22350,,N,E,I,A,A,H,-,A,D,0,,,Y,,Y,,C,02,1,1,0,0,0,0,0,0,2,"- ","- ",39.215009999999999,-121.32518,YUBA,UNINCORPORATED,-121.32525022999999,39.215004149999999
6606181,2014,2014-09-25,9285,2014-06-21,1200,17393,,6,1,9,5800,0,2,4,,2,081,"MARYSVILLE RD","BULLARDS BAR DAM",60.00,E,N,A,-,N,,,,,,,,,,Y,1,1,0,1,A,-,03,22350,,N,E,I,A,A,H,-,A,D,0,,,Y,,Y,,C,02,0,0,0,0,0,0,0,1,0,"- ","- ",39.393270000000001,-121.14604,YUBA,UNINCORPORATED,-121.14173412,39.392767919999997
6616755,2014,2014-09-15,9285,2014-08-17,0330,017534,,7,3,9,5800,0,3,5,,1,002,"POWERLINE RD","TURPEN ST",720.00,N,N,A,-,N,,,,,,,,,,Y,2,0,4,1,A,-,01,23152,A,F,E,I,A,A,H,-,D,D,0,,,,,Y,Y,A,01,1,3,0,0,0,0,0,0,0,"- ","- ",39.05592,-121.37497,YUBA,UNINCORPORATED,-121.54577781,39.098304949999999