CASE_ID,ACCIDENT_YEAR,PROC_DATE,JURIS,COLLISION_DATE,COLLISION_TIME,OFFICER_ID,REPORTING_DISTRICT,DAY_OF_WEEK,CHP_SHIFT,POPULATION,CNTY_CITY_LOC,SPECIAL_COND,BEAT_TYPE,CHP_BEAT_TYPE,CITY_DIVISION_LAPD,CHP_BEAT_CLASS,BEAT_NUMBER,PRIMARY_RD,SECONDARY_RD,DISTANCE,DIRECTION,INTERSECTION,WEATHER_1,WEATHER_2,STATE_HWY_IND,CALTRANS_COUNTY,CALTRANS_DISTRICT,STATE_ROUTE,ROUTE_SUFFIX,POSTMILE_PREFIX,POSTMILE,LOCATION_TYPE,RAMP_INTERSECTION,SIDE_OF_HWY,TOW_AWAY,COLLISION_SEVERITY,NUMBER_KILLED,NUMBER_INJURED,PARTY_COUNT,PRIMARY_COLL_FACTOR,PCF_CODE_OF_VIOL,PCF_VIOL_CATEGORY,PCF_VIOLATION,PCF_VIOL_SUBSECTION,HIT_AND_RUN,TYPE_OF_COLLISION,MVIW,PED_ACTION,ROAD_SURFACE,ROAD_COND_1,ROAD_COND_2,LIGHTING,CONTROL_DEVICE,CHP_ROAD_TYPE,PEDESTRIAN_ACCIDENT,BICYCLE_ACCIDENT,MOTORCYCLE_ACCIDENT,TRUCK_ACCIDENT,NOT_PRIVATE_PROPERTY,ALCOHOL_INVOLVED,STWD_VEHTYPE_AT_FAULT,CHP_VEHTYPE_AT_FAULT,COUNT_SEVERE_INJ,COUNT_VISIBLE_INJ,COUNT_COMPLAINT_PAIN,COUNT_PED_KILLED,COUNT_PED_INJURED,COUNT_BICYCLIST_KILLED,COUNT_BICYCLIST_INJURED,COUNT_MC_KILLED,COUNT_MC_INJURED,PRIMARY_RAMP,SECONDARY_RAMP,LATITUDE,LONGITUDE,COUNTY,CITY,POINT_X,POINT_Y
6640969,2014,2014-10-15,9285,2014-09-17,0032,17080,,3,3,9,5800,0,2,3,,1,061,"MARYSVILLE RD","SCOTT GRANT RD",934.00,N,N,A,-,N,,,,,,,,,,Y,2,0,1,1,A,-,01,23152,A,N,E,I,A,A,H,-,D,D,0,,,,,Y,Y,D,22,1,0,0,0,0,0,0,0,0,"- ","- ",39.3157,-121.36654,YUBA,UNINCORPORATED,-121.36654618999999,39.315601899999997
6650889,2014,2016-04-25,9285,2014-09-12,0340,18522,,5,3,9,5800,0,1,4,,1,062,"RT 20","TIMBUCTOO RD",227.00,W,N,A,-,Y,YUB,3,20,-,R,18.150,H,-,W,Y,2,0,1,1,C,-,18,,,N,E,H,A,A,H,-,D,D,0,,,Y,,Y,,-,"- ",1,0,0,0,0,0,0,0,1,"- ","- ",39.210520000000002,-121.31063,YUBA,UNINCORPORATED,-121.33270967999999,39.217742680000001
6688364,2015,2016-11-01,9285,2015-04-30,0900,14480,,4,1,9,5800,0,1,3,,1,062,"RT 20","MARYSVILLE RD",1742.00,W,N,A,-,Y,YUB,3,20,-,-,12.970,H,-,W,Y,2,0,1,2,A,-,08,22107,,N,B,C,A,A,H,-,A,D,0,,,,Y,Y,,J,48,1,0,0,0,0,0,0,0,0,"- ","- ",39.22681,-121.42016,YUBA,UNINCORPORATED,-121.42005963,39.22676053
6702327,2014,2014-12-05,9285,2014-10-04,2022,17118,,6,2,9,5800,0,3,5,,1,006,"WOODRUFF LN","JACK SLOUGH RD",2.00,E,N,A,-,N,,,,,,,,,,Y,2,0,1,1,A,-,03,22350,,N,E,I,A,A,H,-,D,A,0,,,,,Y,,A,01,1,0,0,0,0,0,0,0,0,"- ","- ",39.214410000000001,-121.55775,YUBA,UNINCORPORATED,-121.55758299,39.214479359999999
6702343,2014,2014-12-05,9285,2014-10-05,0330,17534,,7,3,9,5800,0,2,4,,1,042,"HAMMONTON SMARTVILLE RD","SOUTH GOLDEN PKWY",9504.00,W,N,A,-,N,,,,,,,,,,Y,2,0,1,1,A,-,01,23152,A,N,E,I,A,A,H,-,D,D,0,,,,,Y,Y,A,01,1,0,0,0,0,0,0,0,0,"- ","- ",39.194000000000003,-121.36199999999999,YUBA,UNINCORPORATED,-121.347022,39.193316350000003
6702355,2014,2014-12-08,9285,2014-10-06,2241,18632,,1,3,9,5800,0,2,4,,1,041,"NORTH BEALE RD","HAMMONTON SMARTVILLE RD",15.00,E,N,A,-,N,,,,,,,,,,N,2,0,1,2,A,-,05,21650,1,N,D,G,A,A,H,-,C,A,0,,Y,,,Y,,L,04,1,0,0,0,0,0,1,0,0,"- ","- ",39.127519999999997,-121.55535999999999,YUBA,UNINCORPORATED,-121.55559713,39.127650899999999
6854717,2015,2015-07-14,9285,2015-05-13,2125,18636,,3,2,9,5800,0,2,4,,2,025,"RT 65","FORTY MILE RD",1198.00,N,N,A,-,Y,YUB,3,65,-,R,7.080,H,-,N,Y,1,1,2,1,A,-,08,22107,,N,F,A,A,A,H,-,D,D,1,,,,,Y,,A,07,0,2,0,0,0,0,0,0,0,"- ","- ",39.066949999999999,-121.51638,YUBA,UNINCORPORATED,-121.51667766,39.067018740000002
6892401,2015,2015-04-30,9285,2015-03-15,2045,14480,,7,2,9,5800,0,3,5,,1,004,"HAMMONTON RD","OLD BONANZA RANCH RD",3432.00,W,N,A,-,N,,,,,,,,,,N,2,0,1,1,A,-,08,38314,,N,E,I,A,A,H,-,A,D,0,,,Y,,Y,,C,06,1,0,0,0,0,0,0,0,1,"- ","- ",39.219230000000003,-121.34623000000001,YUBA,UNINCORPORATED,-121.36957973,39.1910691
6958227,2015,2015-06-23,9285,2015-04-26,1157,015069,,7,1,9,5800,0,2,4,,1,061,"LOMA RICA RD","LOOP RD",528.00,S,N,A,-,N,,,,,,,,,,N,2,0,2,2,A,-,03,22350,,N,C,C,A,A,H,-,A,D,0,,,Y,,Y,,C,02,1,0,1,0,0,0,0,0,1,"- ","- ",39.312280000000001,-121.41749,YUBA,UNINCORPORATED,-121.41578027,39.31350733
6981537,2015,2015-07-17,9285,2015-06-13,2150,019168,,6,2,9,5800,0,2,4,,1,041,"NORTH BEALE RD","PARK AV",38.00,E,N,A,-,N,,,,,,,,,,N,2,0,1,2,A,-,10,21950,A,F,G,B,C,A,H,-,C,A,0,Y,,,,Y,,-,99,1,0,0,0,1,0,0,0,0,"- ","- ",39.127650000000003,-121.55869,YUBA,UNINCORPORATED,-121.55836612,39.127563989999999
7006136,2015,2015-09-23,9285,2015-01-19,1817,18632,,1,2,9,5800,0,2,4,,1,022,"LINDHURST AV","ERLE RD",377.00,N,N,A,-,N,,,,,,,,,,N,1,1,0,1,A,-,08,22107,,N,E,I,A,A,H,-,D,D,0,,Y,,,Y,,L,04,0,0,0,0,0,1,0,0,0,"- ","- ",39.113959999999999,-121.55889999999999,YUBA,UNINCORPORATED,-121.55902574,39.114165280000002
7096120,2014,2015-10-20,5801,2014-05-06,1511,158,5801,2,5,3,5801,0,0,0,,0,00W,"3RD ST","F ST",0.00,,Y,A,-,N,,,,,,,,,,Y,2,0,2,2,A,-,09,21801,A,N,D,C,A,A,H,-,A,A,0,,,,,Y,,A,01,1,0,1,0,0,0,0,0,0,"- ","- ",,,YUBA,MARYSVILLE,-121.59173988000001,39.137869979999998
8117552,2016,2017-03-01,5801,2016-08-06,0926,317,5801,6,5,3,5801,0,0,0,,0,,"10TH ST","F ST",0.00,,Y,A,-,Y,YUB,3,20,-,-,0.840,I,5,W,N,2,0,1,2,A,-,17,21451,A,N,G,B,B,A,H,-,A,A,0,Y,,,,Y,,N,60,1,0,0,0,1,0,0,0,0,"- ","- ",,,YUBA,MARYSVILLE,-121.59374432,39.145601730000003
8314029,2017,2017-03-03,5802,2017-02-01,1238,601,5802,3,5,1,5802,0,0,0,,0,,"SPENCEVILLE RD","JASPER LN",0.00,,Y,B,-,N,,,,,,,,,,Y,2,0,2,2,A,-,05,21460,A,N,A,C,A,A,H,-,A,D,0,,,,,Y,,A,01,1,1,0,0,0,0,0,0,0,"- ","- ",,,YUBA,WHEATLAND,-121.403763,39.022092000000001
8471277,2017,2017-10-20,5801,2017-09-29,1835,327,5801,5,5,3,5801,0,0,0,,0,,"3RD ST","E ST",0.00,,Y,A,-,N,,,,,,,,,,N,2,0,1,2,A,-,12,21453,A,N,D,G,A,A,H,-,A,A,0,,Y,,,Y,,L,04,1,0,0,0,0,0,1,0,0,"- ","- ",,,YUBA,MARYSVILLE,-121.42645,39.008779939999997
8674073,2018,2018-10-10,5801,2018-07-22,0018,318,,7,5,3,5801,0,0,0,,0,5801,"YUBA ST","E 15TH ST",33.00,S,N,A,-,N,,,,,,,,,,Y,2,0,3,2,A,-,01,23152,A,N,A,I,A,A,H,-,C,D,0,,,,,Y,Y,D,22,2,0,1,0,0,0,0,0,0,"- ","- ",,,YUBA,MARYSVILLE,-121.58455657958984,39.151889801025391
8851086,2019,2019-05-29,5801,2019-04-22,0833,327,,1,5,3,5801,0,0,0,,0,,"10TH ST","H ST",0.00,,Y,A,-,N,,,,,,,,,,Y,1,1,1,2,A,-,17,21461,A,N,D,C,A,A,H,-,A,A,0,,,,Y,Y,,-,"- ",0,1,0,0,0,0,0,0,0,"- ","- ",,,YUBA,MARYSVILLE,-121.59587999999999,39.14537
8934774,2019,2020-01-27,5801,2019-08-17,2309,318,MARYS,6,5,3,5801,0,0,0,,0,5801,"E ST","4TH ST",0.00,,Y,A,-,Y,YUB,3,70,-,-,14.325,I,5,W,N,2,0,1,2,A,-,05,21202,A,N,H,G,A,A,H,-,C,A,0,,Y,,,Y,,L,04,1,0,0,0,0,0,1,0,0,"- ","- ",,,YUBA,MARYSVILLE,-121.59046936035156,39.139095306396484
90005724,2015,2015-10-19,9285,2015-07-07,2300,015069,,2,3,9,5800,0,3,5,,1,002,"DAIRY ROAD","40 MILE ROAD",0.00,,Y,A,-,N,,,,,,,,,,Y,2,0,1,1,A,-,12,22450,A,N,E,I,A,A,H,-,D,A,0,,,,,Y,Y,A,01,1,0,0,0,0,0,0,0,0,"- ","- ",39.008519999999997,-121.49894999999999,YUBA,UNINCORPORATED,-121.498848,39.008609999999997
90006364,2015,2015-10-19,9285,2015-07-19,1230,018340,,7,1,9,5800,0,1,3,,1,060,SR-70,"LAURELLEN RD",580.00,N,N,A,-,Y,,,70,,,,,,,Y,2,0,4,2,A,-,06,21750,,N,A,C,A,A,H,-,A,D,0,,,,Y,Y,,A,01,1,0,3,0,0,0,0,0,0,"- ","- ",39.171610000000001,-121.58983000000001,YUBA,UNINCORPORATED,-121.58984033,39.171610059999999
90024809,2015,2015-10-19,9285,2015-09-10,2105,018291,,4,2,9,5800,0,2,4,,1,041,"N. BEALE ROAD (W/B)","PARK AVE",42.00,W,N,A,-,N,,,,,,,,,,N,2,0,1,2,A,-,09,21801,A,N,D,G,A,A,H,-,C,D,0,,Y,,,Y,,L,04,1,0,0,0,0,0,1,0,0,"- ","- ",39.127580000000002,-121.55884,YUBA,UNINCORPORATED,-121.55864803999999,39.127557959999997
90042236,2015,2015-11-02,9285,2015-10-15,1942,019144,,4,2,9,5800,0,3,5,,1,006,"JACK SLOUGH ROAD","KIMBALL LANE",2640.00,N,N,A,-,N,,,,,,,,,,Y,2,0,2,2,A,-,08,22107,,N,D,C,A,A,H,-,D,D,0,,,,,Y,,A,01,1,1,0,0,0,0,0,0,0,"- ","- ",39.186349999999997,-121.571,YUBA,UNINCORPORATED,-121.57095606999999,39.186638629999997
90057155,2015,2015-11-23,9285,2015-11-12,1545,017129,,4,2,9,5800,0,2,4,,1,022,"OLIVEHURST AVE","5TH AVENUE",208.00,S,N,A,-,N,,,,,,,,,,N,2,0,1,2,A,-,08,22107,,N,G,G,A,A,H,-,A,D,0,,Y,,,Y,,A,01,1,0,0,0,0,0,1,0,0,"- ","- ",39.1004,-121.55154,YUBA,UNINCORPORATED,-121.55147527,39.099268940000002
90061101,2015,2015-11-30,9285,2015-10-27,0020,017393,,2,3,9,5800,0,2,4,,1,061,"MARYSVILLE ROAD","DOLAN HARDING RD",308.00,S,N,A,-,N,,,,,,,,,,Y,2,0,3,1,A,-,08,22107,,F,E,J,A,A,H,-,D,D,0,,,,,Y,Y,A,07,1,2,0,0,0,0,0,0,0,"- ","- ",39.320180000000001,-121.34690000000001,YUBA,UNINCORPORATED,-121.34690815,39.320026579999997
90062035,2015,2015-11-30,9285,2015-11-25,1445,019168,,3,2,9,5800,0,1,3,,1,062,SR-20,"WALNUT AVE",832.00,E,N,A,-,Y,,,20,,,,,,,Y,2,0,2,1,A,-,08,22107,,N,E,I,A,A,H,-,A,D,0,,,,,Y,,A,01,1,0,1,0,0,0,0,0,0,"- ","- ",39.187330000000003,-121.53901,YUBA,UNINCORPORATED,-121.53905949999999,39.1873705
90094379,2016,2016-01-13,9285,2016-01-02,2131,018522,,6,2,9,5800,0,3,5,,1,008,"TEXAS HILL RD","INGERSOLL DR",185.00,E,N,A,-,N,,,,,,,,,,N,2,0,1,1,A,-,08,22107,,N,E,I,A,A,H,-,D,D,0,,,,,Y,,A,08,1,0,0,0,0,0,0,0,0,"- ","- ",39.369669999999999,-121.21095,YUBA,UNINCORPORATED,-121.21024838,39.370152429999997
90106863,2016,2016-02-01,9285,2016-01-29,0035,018475,,5,3,9,5800,0,1,3,,1,060,SR-70,"SADDLEBACK DR",0.00,,Y,C,-,Y,,,70,,,,,,,Y,2,0,1,1,A,-,03,22350,,N,F,I,A,B,H,-,D,D,0,,,Y,,Y,,C,02,1,0,0,0,0,0,0,0,1,"- ","- ",39.189500000000002,-121.59443,YUBA,UNINCORPORATED,-121.59455318000001,39.189469750000001
90120250,2016,2016-02-22,9285,2016-02-13,0830,017129,,6,1,9,5800,0,1,3,,1,020,"SR-70  N/B","OLIVEHURST AVE",1584.00,S,N,A,-,Y,,,,,,,,,,Y,2,0,1,1,A,-,08,22107,,N,E,I,A,A,H,-,A,D,0,,,,,Y,,A,01,1,0,0,0,0,0,0,0,0,"- ","- ",39.099789999999999,-121.54648,YUBA,UNINCORPORATED,-121.54649384,39.099655849999998
90150511,2016,2016-04-05,9285,2016-03-05,1915,018107,,6,2,9,5800,0,1,3,,1,020,"NORTHBOUND STATE ROUTE 70",SR-65,70.00,S,N,C,-,Y,,,70,,,,,,,Y,1,1,1,1,A,-,01,23152,A,N,E,J,A,B,F,G,D,A,0,,,,,Y,Y,A,01,0,0,1,0,0,0,0,0,0,"- ","- ",39.090960000000003,-121.54042,YUBA,UNINCORPORATED,-121.54036761,39.09096151
90161908,2016,2016-04-20,9285,2016-04-18,0920,018291,,1,1,9,5800,0,2,4,,2,081,"WILLOW GLEN ROAD","SKY GLEN DR",9504.00,N,N,A,-,N,,,,,,,,,,Y,2,0,1,1,A,-,08,22107,,N,F,A,A,A,H,-,A,D,0,,,,Y,Y,,F,27,1,0,0,0,0,0,0,0,0,"- ","- ",39.403190000000002,-121.31043,YUBA,UNINCORPORATED,-121.31053113999999,39.402336290000001
90173727,2016,2016-05-05,9285,2016-05-04,0115,018632,,3,3,9,5800,0,3,5,,1,004,"SIMPSON LANE","SIMPSON DANTONI RD",1115.00,W,N,A,-,N,,,,,,,,,,Y,2,0,1,1,A,-,08,22107,,N,F,A,A,A,H,-,C,D,0,,,Y,,Y,,C,02,1,0,0,0,0,0,0,0,1,"- ","- ",39.137599999999999,-121.5551,YUBA,UNINCORPORATED,-121.55518007000001,39.137519419999997
90176998,2016,2016-05-11,9285,2016-04-24,1257,018522,,7,1,9,5800,0,1,3,,1,060,"SR-70 N/B","MAGNOLIA ROAD",326.00,S,N,A,-,Y,,,,,,,,,,Y,1,1,2,2,A,-,01,23153,A,N,D,C,A,A,H,-,A,D,0,,,,,Y,Y,A,01,0,1,1,0,0,0,0,0,0,"- ","- ",39.235660000000003,-121.60029,YUBA,UNINCORPORATED,-121.60029965,39.235745620000003
90178052,2016,2016-05-12,9230,2016-02-13,1855,020411,,6,2,9,5800,0,1,3,,1,081,SR-49,"MOONSHINE RD",2640.00,N,N,A,-,Y,,,49,,,,,,,Y,1,1,2,1,A,-,01,23152,A,N,E,I,A,A,H,-,D,D,0,,,,,Y,Y,D,23,1,1,0,0,0,0,0,0,0,"- ","- ",39.400829999999999,-121.07893,YUBA,UNINCORPORATED,-121.07896896,39.400815459999997
90182452,2016,2016-05-18,9285,2016-05-06,1410,015976,,5,2,9,5800,0,1,3,,1,060,SR-70,"MAGNOLIA RD",1056.00,S,N,B,-,Y,,,70,,,,,,,Y,2,0,2,1,A,-,08,22107,,N,F,J,A,A,H,-,A,D,0,,,,,Y,,D,22,2,0,0,0,0,0,0,0,0,"- ","- ",39.23283,-121.60061,YUBA,UNINCORPORATED,-121.60052908999999,39.232824010000002
90192023,2016,2016-06-01,9285,2016-05-25,1358,014401,,3,1,9,5800,0,2,4,,2,021,"FEATHER RIVER BLVD","GRAND AVE",0.00,,Y,A,-,N,,,,,,,,,,Y,2,0,4,2,A,-,12,22450,A,N,A,C,A,A,H,-,A,A,0,,,,,Y,,A,01,1,0,3,0,0,0,0,0,0,"- ","- ",39.106699999999996,-121.57978,YUBA,UNINCORPORATED,-121.57981992000001,39.106769989999997
90194756,2016,2016-06-06,9285,2016-05-26,1502,017118,,4,2,9,5800,0,2,4,,1,042,"GRIFFITH AVE","N. BEALE ROAD",0.00,,Y,A,-,N,,,,,,,,,,Y,2,0,2,2,A,-,09,21802,A,N,D,C,A,A,H,-,A,A,0,,,,,Y,,A,01,1,1,0,0,0,0,0,0,0,"- ","- ",39.1282,-121.52361000000001,YUBA,UNINCORPORATED,-121.52361000000001,39.128229930000003
90196560,2016,2016-06-08,9285,2016-05-28,2020,017080,,6,2,9,5800,0,3,5,,1,006,"RAMIREZ ROAD","LONGVIEW LANE",1584.00,W,N,A,-,N,,,,,,,,,,Y,2,0,1,1,A,-,08,22107,,N,F,A,A,A,H,-,B,D,0,,,,,Y,,A,01,1,0,0,0,0,0,0,0,0,"- ","- ",39.265039999999999,-121.5677,YUBA,UNINCORPORATED,-121.56662554,39.265041220000001
90203395,2016,2016-06-16,9285,2016-05-26,0130,018561,,4,3,9,5800,0,3,5,,1,006,"RAMIREZ ROAD","MATTHEWS LANE",1584.00,E,N,A,-,N,,,,,,,,,,Y,2,0,1,1,A,-,01,23152,A,N,F,A,A,A,H,-,D,D,0,,,,,Y,Y,D,22,1,0,0,0,0,0,0,0,0,"- ","- ",39.264940000000003,-121.53,YUBA,UNINCORPORATED,-121.53330486,39.265202209999998
90220353,2016,2016-07-11,9285,2016-07-01,1748,018986,,5,2,9,5800,0,1,3,,1,062,SR-20,"MCGANNEY LN",322.00,E,N,A,-,Y,,,20,,,,,,,Y,2,0,1,1,A,-,01,23152,A,N,E,I,A,A,H,-,A,D,0,,,,,Y,Y,D,22,1,0,0,0,0,0,0,0,0,"- ","- ",39.205399999999997,-121.27744,YUBA,UNINCORPORATED,-121.27755654000001,39.205475800000002
90237827,2016,2016-08-04,9285,2016-06-27,1049,017129,,1,1,9,5800,0,1,3,,1,062,"STATE ROUTE 20  EASTBOUND","RIVERVIEW TERRACE",528.00,E,N,A,-,Y,,,20,,,,,,E,Y,1,1,1,1,A,-,08,22107,,N,F,A,A,A,H,-,A,D,0,,,,,Y,,E,22,0,1,0,0,0,0,0,0,0,"- ","- ",39.211089999999999,-121.31726,YUBA,UNINCORPORATED,-121.31725271000001,39.211104849999998
90241740,2016,2016-08-10,9285,2016-07-18,0025,018636,,1,3,9,5800,0,3,5,,1,004,"LINDA AVENUE","NORTH BEALE ROAD",1584.00,S,N,A,-,N,,,,,,,,,,Y,1,1,4,1,A,-,03,22350,,N,E,I,A,A,H,-,D,D,0,,,,,Y,,A,01,0,3,1,0,0,0,0,0,0,"- ","- ",39.123579999999997,-121.5333,YUBA,UNINCORPORATED,-121.54179999999999,39.127989999999997
90255751,2016,2016-08-29,9285,2016-08-09,0725,019760,,2,1,9,5800,0,3,5,,1,002,"FLEMING WAY","9TH AVE",273.00,N,N,A,-,N,,,,,,,,,,N,2,0,1,3,A,-,08,22107,,F,C,G,A,A,H,-,A,D,0,,Y,,,Y,,A,01,1,0,0,0,0,0,1,0,0,"- ","- ",39.092239999999997,-121.54702,YUBA,UNINCORPORATED,-121.5469667,39.092309229999998
90266751,2016,2016-09-13,9285,2016-09-05,1649,017534,,1,2,9,5800,0,3,5,,1,002,"GARDEN AVE","FEATHER RIVER BLVD",64.00,N,N,A,-,N,,,,,,,,,,N,2,0,1,2,A,-,05,21650,,N,D,G,A,A,H,-,A,D,0,,Y,,,Y,,L,04,1,0,0,0,0,0,1,0,0,"- ","- ",39.123159999999999,-121.57895000000001,YUBA,UNINCORPORATED,-121.57894444999999,39.123080330000001
90312358,2016,2016-11-07,9285,2016-10-26,2120,019760,,3,2,9,5800,0,2,4,,1,041,"N. BEALE RD.","LINDHURST AVE",569.00,E,N,A,-,N,,,,,,,,,,N,2,0,1,2,A,-,11,21954,A,N,G,B,D,A,H,-,C,D,0,Y,,,,Y,,N,60,1,0,0,0,1,0,0,0,0,"- ","- ",39.125430000000001,-121.56945,YUBA,UNINCORPORATED,-121.57134503,39.124907540000002
90347808,2016,2016-12-19,9285,2016-12-08,0732,016343,,4,1,9,5800,0,2,4,,2,021,"FEATHER RIVER BLVD","GRAND AVENUE",923.00,S,N,C,-,N,,,,,,,,,,Y,1,1,1,2,A,-,03,22350,,N,D,C,A,B,H,-,A,D,0,,,,,Y,,A,01,0,1,0,0,0,0,0,0,0,"- ","- ",39.104390000000002,-121.58027,YUBA,UNINCORPORATED,-121.58027235,39.104261469999997
90359488,2016,2017-01-03,9285,2016-12-18,1608,018522,,7,2,9,5800,0,2,4,,1,061,"MARYSVILLE RD","BALD MOUNTAIN RD",2640.00,S,N,A,-,N,,,,,,,,,,Y,2,0,1,1,A,-,01,23152,A,N,E,I,A,A,H,-,A,D,0,,,,,Y,Y,A,01,1,0,0,0,0,0,0,0,0,"- ","- ",39.253839999999997,-121.39895,YUBA,UNINCORPORATED,-121.39790556,39.255152760000001
90381781,2017,2017-01-30,9285,2017-01-28,0210,020170,,6,3,9,5800,0,2,4,,2,081,"MARYSVILLE ROAD","LAKESIDE ROW",420.00,S,N,A,-,N,,,,,,,,,,Y,2,0,2,1,A,-,01,23152,A,F,E,I,A,A,H,-,D,D,0,,,,,Y,Y,A,07,1,1,0,0,0,0,0,0,0,"- ","- ",39.350189999999998,-121.32894,YUBA,UNINCORPORATED,-121.32902817999999,39.350366479999998
90397033,2017,2017-02-21,9285,2017-02-12,1910,018986,,7,2,9,5800,0,2,4,,1,061,"MARYSVILLE ROAD","STERN LN",121.00,N,N,A,-,N,,,,,,,,,,Y,2,0,1,1,A,-,08,22107,,N,F,I,A,A,H,-,D,D,0,,,,,Y,,D,22,1,0,0,0,0,0,0,0,0,"- ","- ",39.233240000000002,-121.41167,YUBA,UNINCORPORATED,-121.4117811,39.23311142
90411324,2017,2017-03-13,9230,2017-03-02,1520,019235,,4,2,9,5800,0,3,5,,2,080,"SPRING ST","JACKSON ST",148.00,N,N,A,-,N,,,,,,,,,,N,2,0,1,2,A,-,21,22106,,N,G,B,E,A,H,-,A,D,0,Y,,,,Y,,D,22,1,0,0,0,1,0,0,0,0,"- ","- ",39.454099999999997,-121.04935,YUBA,UNINCORPORATED,-121.04929675,39.454482740000003
90411858,2017,2017-03-14,9285,2017-03-05,1050,017534,,7,1,9,5800,0,3,5,,1,002,"GRAND AVENUE","SOUTH GLEDHILL AVENUE",44.00,E,N,B,-,N,,,,,,,,,,Y,2,0,1,2,A,-,12,22450,A,N,D,G,A,A,H,-,A,A,0,,Y,,,Y,,L,04,1,0,0,0,0,0,1,0,0,"- ","- ",39.116779999999999,-121.57294,YUBA,UNINCORPORATED,-121.57289836,39.116761269999998
90428897,2017,2017-04-06,9285,2017-03-29,1725,018291,,3,2,9,5800,0,3,5,,1,006,"SR-20 (E/B)","BROWNS VALLEY SCHOOL RD",94.00,W,N,A,-,Y,,,20,,,,,,,Y,2,0,1,2,A,-,09,21801,A,N,E,I,A,A,H,-,A,D,0,,,Y,,Y,,D,22,1,0,0,0,0,0,0,0,1,"- ","- ",39.23019,-121.40714,YUBA,UNINCORPORATED,-121.40712582,39.23014663
90441269,2017,2017-04-25,9285,2017-04-21,1500,018522,,5,2,9,5800,0,3,5,,1,002,"MAPLEHURST ST","BROUGHAM WAY",181.00,W,N,A,-,N,,,,,,,,,,N,2,0,1,2,A,-,11,21954,A,N,D,B,D,A,H,-,A,D,0,Y,,,,Y,,N,60,1,0,0,0,1,0,0,0,0,"- ","- ",39.067349999999998,-121.55667,YUBA,UNINCORPORATED,-121.55652748,39.067350390000001
90463504,2017,2017-05-25,9285,2017-05-15,1435,018475,,1,2,9,5800,0,2,4,,1,022,"OLIVEHURST AVE","6TH AVENUE",0.00,,Y,A,-,N,,,,,,,,,,Y,2,0,2,2,A,-,09,21801,A,N,A,C,A,A,H,-,A,D,0,,,Y,,Y,,A,01,1,0,1,0,0,0,0,0,1,"- ","- ",39.098059999999997,-121.55137000000001,YUBA,UNINCORPORATED,-121.55150986,39.097969900000002
90467938,2017,2017-05-31,9285,2017-05-23,1940,019300,,2,2,9,5800,0,3,5,,1,006,"SR-20 W/B","PLANTZ RD",317.00,W,N,A,-,Y,,,20,,,,,,W,Y,2,0,4,2,A,-,01,23152,A,N,F,A,A,A,H,-,A,D,0,,,,,Y,Y,A,01,1,3,0,0,0,0,0,0,0,"- ","- ",39.173389999999998,-121.55107,YUBA,UNINCORPORATED,-121.5510463,39.17336203
90469626,2017,2017-06-02,9285,2017-05-20,0955,015976,,6,1,9,5800,0,3,5,,1,004,"LINDHURST AVE","ERLE RD",105.00,N,N,A,-,N,,,,,,,,,,Y,2,0,2,3,A,-,01,23152,F,N,C,C,A,A,H,-,A,A,0,,,,,Y,,D,22,1,1,0,0,0,0,0,0,0,"- ","- ",39.113619999999997,-121.55868,YUBA,UNINCORPORATED,-121.55859735,39.113498819999997
90498346,2017,2017-07-11,9285,2017-07-04,1715,017393,,2,2,9,5800,0,2,4,,2,082,"LA PORTE ROAD","QUAIL TRAIL",2640.00,W,N,A,-,N,,,,,,,,,,N,2,0,1,1,A,-,08,22107,,N,F,A,A,A,H,-,A,D,0,,,Y,,Y,,C,06,1,0,0,0,0,0,0,0,1,"- ","- ",39.564059999999998,-121.10744,YUBA,UNINCORPORATED,,
90514834,2017,2017-08-02,9285,2017-07-29,2340,021197,,6,3,9,5800,0,1,3,,1,060,"SR-70 SOUTHBOUND","CHANDLER RD",950.00,S,N,A,-,Y,,,,,,,,,,Y,2,0,1,1,A,-,01,23152,G,N,E,I,A,A,H,-,D,D,0,,,,,Y,Y,A,08,1,0,0,0,0,0,0,0,0,"- ","- ",39.289700000000003,-121.59464,YUBA,UNINCORPORATED,-121.59468945,39.289399789999997