CASE_ID,ACCIDENT_YEAR,PROC_DATE,JURIS,COLLISION_DATE,COLLISION_TIME,OFFICER_ID,REPORTING_DISTRICT,DAY_OF_WEEK,CHP_SHIFT,POPULATION,CNTY_CITY_LOC,SPECIAL_COND,BEAT_TYPE,CHP_BEAT_TYPE,CITY_DIVISION_LAPD,CHP_BEAT_CLASS,BEAT_NUMBER,PRIMARY_RD,SECONDARY_RD,DISTANCE,DIRECTION,INTERSECTION,WEATHER_1,WEATHER_2,STATE_HWY_IND,CALTRANS_COUNTY,CALTRANS_DISTRICT,STATE_ROUTE,ROUTE_SUFFIX,POSTMILE_PREFIX,POSTMILE,LOCATION_TYPE,RAMP_INTERSECTION,SIDE_OF_HWY,TOW_AWAY,COLLISION_SEVERITY,NUMBER_KILLED,NUMBER_INJURED,PARTY_COUNT,PRIMARY_COLL_FACTOR,PCF_CODE_OF_VIOL,PCF_VIOL_CATEGORY,PCF_VIOLATION,PCF_VIOL_SUBSECTION,HIT_AND_RUN,TYPE_OF_COLLISION,MVIW,PED_ACTION,ROAD_SURFACE,ROAD_COND_1,ROAD_COND_2,LIGHTING,CONTROL_DEVICE,CHP_ROAD_TYPE,PEDESTRIAN_ACCIDENT,BICYCLE_ACCIDENT,MOTORCYCLE_ACCIDENT,TRUCK_ACCIDENT,NOT_PRIVATE_PROPERTY,ALCOHOL_INVOLVED,STWD_VEHTYPE_AT_FAULT,CHP_VEHTYPE_AT_FAULT,COUNT_SEVERE_INJ,COUNT_VISIBLE_INJ,COUNT_COMPLAINT_PAIN,COUNT_PED_KILLED,COUNT_PED_INJURED,COUNT_BICYCLIST_KILLED,COUNT_BICYCLIST_INJURED,COUNT_MC_KILLED,COUNT_MC_INJURED,PRIMARY_RAMP,SECONDARY_RAMP,LATITUDE,LONGITUDE,COUNTY,CITY,POINT_X,POINT_Y
90518516,2017,2017-08-08,9285,2017-07-28,2130,020170,,5,2,9,5800,0,2,4,,2,021,"FEATHER RIVER BOULEVARD","GRAND AVE",133.00,S,N,A,-,N,,,,,,,,,,Y,2,0,2,2,A,-,03,22350,,F,A,C,A,A,H,-,C,A,0,,,,,Y,,A,01,1,0,1,0,0,0,0,0,0,"- ","- ",39.106580000000001,-121.57982,YUBA,UNINCORPORATED,-121.57985485,39.106406079999999
90523681,2017,2017-08-15,9285,2017-08-05,0050,019223,,6,3,9,5800,0,3,5,,1,006,"PEORIA RD","POTTS TRAIL",917.00,N,N,A,-,N,,,,,,,,,,Y,2,0,2,1,A,-,03,22350,,N,E,I,A,A,H,-,D,D,0,,,,,Y,,A,01,2,0,0,0,0,0,0,0,0,"- ","- ",39.240110000000001,-121.36105000000001,YUBA,UNINCORPORATED,-121.36117974,39.240045279999997
90556197,2017,2017-09-26,9285,2017-09-16,1115,018108,,6,1,9,5800,0,2,4,,1,042,"HAMMONTON SMARTVILLE RD","THOUSAND OAKS LN.",550.00,W,N,A,-,N,,,,,,,,,,Y,2,0,1,1,A,-,08,22107,,N,F,A,A,A,H,-,A,D,0,,,Y,,Y,,C,02,1,0,0,0,0,0,0,0,1,"- ","- ",39.198300000000003,-121.31816999999999,YUBA,UNINCORPORATED,-121.31799549,39.198330069999997
90556976,2017,2017-09-27,9285,2017-09-07,0642,017118,,4,1,9,5800,0,1,3,,1,062,SR-20,"PLANTZ ROAD",2112.00,W,N,B,-,Y,,,,,,,,,,Y,2,0,1,1,A,-,08,22107,,N,F,A,A,A,H,-,B,D,0,,,,Y,Y,,G,79,1,0,0,0,0,0,0,0,0,"- ","- ",39.17792,-121.54951,YUBA,UNINCORPORATED,-121.54848996,39.176310739999998
90568086,2017,2017-10-11,9285,2017-09-25,0600,015976,,1,1,9,5800,0,3,5,,1,006,"SILVA AVE",SR-70,400.00,W,N,A,-,N,,,,,,,,,,N,2,0,2,3,A,-,11,21956,,N,G,B,E,A,H,-,D,D,0,Y,,,,Y,,N,60,1,1,0,0,2,0,0,0,0,"- ","- ",39.181170000000002,-121.59389,YUBA,UNINCORPORATED,-121.59371579,39.181178080000002
90570797,2017,2017-10-16,9285,2017-09-25,1450,015976,,1,2,9,5800,0,1,3,,1,060,SR-70,"MAGNOLIA RD",528.00,N,N,A,-,Y,,,70,,,,,,,Y,2,0,3,3,A,-,08,22107,,N,B,C,A,A,H,-,A,D,0,,,,,Y,,A,01,1,1,1,0,0,0,0,0,0,"- ","- ",39.238489999999999,-121.60023,YUBA,UNINCORPORATED,-121.60012629000001,39.238482869999999
90588611,2017,2017-11-07,9285,2017-10-23,2103,021197,,1,2,9,5800,0,3,5,,1,006,"MAGNOLIA ROAD",SR-70,1853.00,E,N,A,-,N,,,,,,,,,,Y,1,1,0,1,A,-,08,22107,,N,E,I,A,A,H,-,D,D,0,,,,,Y,Y,A,01,0,0,0,0,0,0,0,0,0,"- ","- ",39.236699999999999,-121.59365,YUBA,UNINCORPORATED,-121.59370896999999,39.236699039999998
90594037,2017,2017-11-14,9285,2017-11-12,1826,018291,,7,2,9,5800,0,3,5,,1,004,"LINDHURST AVE.","TULIP RD.",395.00,N,N,A,-,Y,,,,,,,,,,N,2,0,1,2,A,-,11,21956,,N,G,B,E,A,H,-,D,D,0,Y,,,,Y,,N,60,1,0,0,0,1,0,0,0,0,"- ","- ",39.106079999999999,-121.55209000000001,YUBA,UNINCORPORATED,-121.55195458999999,39.106026479999997
90609642,2017,2017-12-04,9285,2017-12-03,0135,019798,,7,3,9,5800,0,2,4,,1,041,"N BEALE RD (900 BLOCK)","FEATHER RIVER BLVD",1290.00,W,N,B,-,N,,,,,,,,,,Y,2,0,1,1,A,-,01,23152,A,N,E,I,A,B,H,-,C,D,0,,,,,Y,Y,D,22,1,0,0,0,0,0,0,0,0,"- ","- ",39.127189999999999,-121.58004,YUBA,UNINCORPORATED,-121.57991669,39.12707468
90657945,2018,2018-02-08,9285,2018-01-28,1530,016044,,7,2,9,5800,0,1,3,,1,062,"RT 20","PLANTZ ROAD",250.00,E,N,A,-,Y,,,,,,,,,,Y,2,0,2,3,A,-,03,22350,,N,C,C,A,A,H,-,A,D,0,,,,,Y,,D,22,1,1,0,0,0,0,0,0,0,"- ","- ",39.105548858642578,-121.32388305664062,YUBA,UNINCORPORATED,-121.54422760009766,39.181884765625
90670636,2018,2018-03-05,9285,2018-02-12,1315,016426,,1,1,9,5800,0,1,3,,1,020,"SR-70 S/B FROM ERLE RD","ERLE RD",138.00,S,N,A,-,Y,,,,,,,,,,Y,1,1,1,3,A,-,08,22107,,N,B,E,E,A,H,-,A,D,0,Y,,,Y,Y,,G,25,0,1,0,1,0,0,0,0,0,"- ","- ",39.113048553466797,-121.56037902832031,YUBA,UNINCORPORATED,-121.55915069580078,39.112918853759766
90677796,2018,2018-03-08,9285,2018-02-01,1430,017118,,4,2,9,5800,0,2,4,,1,041,"LOWE AVENUE","NORTH BEALE ROAD",0.00,,Y,A,-,N,,,,,,,,,,N,2,0,1,2,A,-,11,21954,A,N,G,B,D,A,D,-,A,D,0,Y,,,,Y,,N,60,1,0,0,0,1,0,0,0,0,"- ","- ",39.127529144287109,-121.56108856201172,YUBA,UNINCORPORATED,-121.56114959716797,39.127498626708984
90714026,2018,2018-04-26,9285,2018-03-26,2105,020224,,1,2,9,5800,0,2,4,,1,042,"HAMMONTON SMARTSVILLE RD","LINDA AVE",115.00,S,N,A,-,N,,,,,,,,,,Y,2,0,1,2,A,-,03,22350,,F,D,G,A,A,H,-,D,D,0,,Y,Y,,Y,,C,02,1,0,0,0,0,0,1,0,0,"- ","- ",39.129989624023438,-121.55372619628906,YUBA,UNINCORPORATED,-121.55367279052734,39.130062103271484
90729231,2018,2018-05-18,9285,2018-05-06,1730,020224,,7,2,9,5800,0,2,4,,1,061,"LOMA RICA RD","PONY EXPRESS TRL",600.00,E,N,A,-,N,,,,,,,,,,Y,2,0,1,1,A,-,01,23152,A,N,F,A,A,A,H,-,A,D,0,,,Y,,Y,Y,C,02,1,0,0,0,0,0,0,0,1,"- ","- ",39.330699920654297,-121.35582733154297,YUBA,UNINCORPORATED,-121.35593414306641,39.330703735351562
90730977,2018,2018-05-22,9285,2018-05-06,0217,019223,,7,3,9,5800,0,1,3,,1,020,"SR-70 N/B","FEATHER RIVER BLVD",2412.00,S,N,A,-,Y,,,,,,,,,,Y,2,0,3,2,A,-,01,23152,A,N,C,C,A,A,H,-,D,D,0,,,,,Y,Y,A,01,2,0,1,0,0,0,0,0,0,"- ","- ",39.120391845703125,-121.57025909423828,YUBA,UNINCORPORATED,-121.57033538818359,39.120460510253906
90735487,2018,2018-06-18,9285,2018-05-19,1500,020106,,6,2,9,5800,0,3,5,,1,002,"N. BEALE ROAD","PRIVATE RD",0.00,,Y,A,-,N,,,,,,,,,,N,2,0,1,2,A,-,10,21950,A,F,G,B,B,A,H,-,A,A,0,Y,,,,Y,,-,99,1,0,0,0,1,0,0,0,0,"- ","- ",39.125740051269531,-121.57579803466797,YUBA,UNINCORPORATED,-121.57575799999999,39.125695999999998
90737308,2018,2018-05-30,9285,2018-05-15,1525,017393,,2,2,9,5800,0,2,4,,2,081,"WILLOW GLEN ROAD","SKY GLEN DRIVE",930.00,N,N,A,-,N,,,,,,,,,,Y,2,0,2,3,A,-,08,22107,,N,A,C,A,A,H,-,A,D,0,,,,,Y,,A,01,1,1,0,0,0,0,0,0,0,"- ","- ",39.381088256835938,-121.3203125,YUBA,UNINCORPORATED,-121.32037353515625,39.381389617919922
90737703,2018,2018-05-30,9230,2018-05-02,1012,014289,,3,1,9,5800,0,1,3,,1,081,"STATE HIGHWAY 49","MARYSVILLE ROAD",2904.00,S,N,A,-,Y,,,49,,,,,,,Y,1,2,2,2,A,-,05,21460,A,N,A,C,A,A,H,-,A,D,0,,,,,Y,,A,07,1,1,0,0,0,0,0,0,0,"- ","- ",39.431911468505859,-121.07617950439453,YUBA,UNINCORPORATED,-121.07618713378906,39.431911468505859
90744970,2018,2018-06-11,9285,2018-04-26,2310,020096,,4,3,9,5800,0,1,3,,1,062,SR-20,"WALNUT AVE",2760.00,E,N,A,-,Y,,,20,,,,,,,Y,1,1,1,2,A,-,05,21650,,N,A,C,A,A,H,-,D,D,0,,,,,Y,,A,01,1,0,0,0,0,0,0,0,0,"- ","- ",39.191440582275391,-121.53530120849609,YUBA,UNINCORPORATED,-121.53532409667969,39.191478729248047
90750247,2018,2018-06-18,9285,2018-06-07,1605,015491,,4,2,9,5800,0,3,5,,1,002,"CAMP FAR WEST ROAD","KAPAKA LANE",630.00,E,N,A,-,N,,,,,,,,,,Y,2,0,5,1,A,-,08,22107,,N,F,A,A,A,H,-,A,D,0,,,,,Y,,D,22,3,2,0,0,0,0,0,0,0,"- ","- ",39.065299987792969,-121.31395721435547,YUBA,UNINCORPORATED,-121.31467437744141,39.065296173095703
90750932,2018,2018-06-19,9285,2018-06-11,0340,018561,,1,3,9,5800,0,1,3,,1,020,"SR-70 N/B","NORTH BEALE RD",1056.00,S,N,A,-,Y,,,,,,,,,,Y,2,0,1,1,A,-,08,22107,,N,F,A,A,A,H,-,D,D,0,,,Y,,Y,,C,02,1,0,0,0,0,0,0,0,1,"- ","- ",39.116531372070312,-121.56401824951172,YUBA,UNINCORPORATED,,
90752580,2018,2018-06-21,9285,2018-06-12,0630,018153,,2,1,9,5800,0,3,5,,1,002,"ERLE RD ON-RAMP TO S/B SR-70","ERLE RD",9.00,S,N,A,-,Y,,,,,,,,,,N,2,0,1,1,A,-,03,22350,,N,F,A,A,A,B,H,A,D,0,,,Y,,Y,,C,02,1,0,0,0,0,0,0,0,1,"- ","- ",39.113010406494141,-121.56027221679688,YUBA,UNINCORPORATED,,
90752636,2018,2018-06-21,9285,2018-06-13,1032,019085,,3,1,9,5800,0,2,4,,1,041,"NORTH BEALE RD","HAMMONTON SMARTVILLE RD",0.00,,Y,A,-,N,,,,,,,,,,Y,2,0,2,2,A,-,12,21453,A,N,D,C,A,A,H,-,A,A,0,,,,,Y,,A,01,2,0,0,0,0,0,0,0,0,"- ","- ",39.127590179443359,-121.55583190917969,YUBA,UNINCORPORATED,-121.55564880371094,39.127651214599609
90761274,2018,2018-07-02,9285,2018-06-21,1658,019085,,4,2,9,5800,0,1,3,,1,020,SR-70,"ERLE RD",2548.00,N,N,A,-,Y,,,70,,,,,,,Y,2,0,2,5,A,-,01,23152,G,N,E,I,A,A,H,-,A,D,0,,,,,Y,Y,A,01,1,0,1,0,0,0,0,0,0,"- ","- ",39.117790222167969,-121.56603240966797,YUBA,UNINCORPORATED,-121.56600952148438,39.117828369140625
90783438,2018,2018-08-02,9285,2018-07-20,2125,019401,,5,2,9,5800,0,3,5,,1,008,"TEXAS HILL RD","MUSHOLT RD",500.00,N,N,A,-,N,,,,,,,,,,Y,2,0,1,1,A,-,03,22350,,N,F,A,A,A,H,-,D,D,0,,,Y,,Y,,C,02,1,0,0,0,0,0,0,0,1,"- ","- ",39.359500885009766,-121.22920227050781,YUBA,UNINCORPORATED,-121.22834777832031,39.359943389892578
90791010,2018,2018-08-15,9285,2018-07-23,2115,019085,,1,2,9,5800,0,2,4,,1,041,"NORTH BEALE RD","COLLEGE VIEW DR",406.00,E,N,A,-,N,,,,,,,,,,N,1,1,0,2,A,-,08,22107,,N,D,C,A,A,H,-,D,D,0,,,,,Y,,M,93,0,0,0,0,0,0,0,0,0,"- ","- ",39.128150939941406,-121.53024291992188,YUBA,UNINCORPORATED,-121.53305816650391,39.128120422363281
90810902,2018,2018-09-12,9285,2018-08-11,1140,017163,,6,1,9,5800,0,1,3,,1,062,SR-20,"LOMA RICA RD",4047.00,E,N,A,-,Y,,,,,,,,,,Y,1,1,2,3,A,-,05,21460,A,N,A,C,A,A,H,-,A,D,0,,,,Y,Y,,A,01,0,2,0,0,0,0,0,0,0,"- ","- ",39.125099182128906,-121.29450988769531,YUBA,UNINCORPORATED,-121.49648284912109,39.214118957519531
9081656,2020,2020-11-12,5801,2020-03-17,1504,326,YUBAS,2,5,3,5801,0,0,0,,0,5801,"E ST","3RD ST",0.00,,-,A,-,Y,YUB,3,70,-,-,14.220,H,-,E,N,2,0,1,2,A,-,11,21950,B,N,G,B,D,A,H,-,A,A,0,Y,,,,Y,,N,60,1,0,0,0,1,0,0,0,0,"- ","- ",,,YUBA,MARYSVILLE,-121.59015655517578,39.137588500976562
90819678,2018,2018-09-24,9285,2018-09-01,0240,019830,,6,3,9,5800,0,2,4,,1,042,"LINDA AVE","HAMMONTON SMARTVILLE RD",12.00,W,N,A,-,N,,,,,,,,,,Y,2,0,1,1,A,-,03,22350,,N,E,J,A,A,H,-,D,A,0,,,,,Y,,A,01,1,0,0,0,0,0,0,0,0,"- ","- ",39.130279541015625,-121.55367279052734,YUBA,UNINCORPORATED,-121.55351257324219,39.130348205566406
90827155,2018,2018-10-03,9285,2018-09-22,0158,018153,,6,3,9,5800,0,2,4,,1,042,"HAMMONTON SMARTSVILLE ROAD","ALBERTA AVE",504.00,E,N,A,-,N,,,,,,,,,,Y,2,0,2,1,A,-,01,23152,A,N,E,I,A,A,H,-,C,D,0,,,,,Y,Y,A,01,2,0,0,0,0,0,0,0,0,"- ","- ",39.13616943359375,-121.52951812744141,YUBA,UNINCORPORATED,-121.529052734375,39.136474609375
90833555,2018,2018-10-11,9285,2018-06-29,1750,019830,,5,2,9,5800,0,2,4,,1,042,"HAMMONTON SMARTVILLE RD","DOOLITTLE DR",1056.00,E,N,A,-,N,,,,,,,,,,Y,1,1,0,1,A,-,08,22107,,N,E,I,A,A,H,-,A,D,0,,,Y,,Y,,C,02,0,0,0,0,0,0,0,1,0,"- ","- ",39.170639038085938,-121.43341827392578,YUBA,UNINCORPORATED,-121.43557739257812,39.170078277587891
90837800,2018,2018-10-17,9285,2018-10-09,1125,018291,,2,1,9,5800,0,2,4,,1,041,"N. BEALE RD.","AVONDALE AVE.",105.00,W,N,A,-,Y,,,,,,,,,,N,2,0,1,2,A,-,08,22107,,F,B,G,A,A,H,-,A,D,0,,Y,,,Y,,A,07,1,0,0,0,0,0,1,0,0,"- ","- ",39.126041412353516,-121.567626953125,YUBA,UNINCORPORATED,-121.56757354736328,39.126022338867188
90838864,2018,2018-10-18,9285,2018-09-07,0245,018522,,5,3,9,5800,0,2,4,,1,041,"N BEALE ROAD","AVONDALE AVE",343.00,W,N,A,-,N,,,,,,,,,,N,1,1,0,2,A,-,03,22350,,N,G,B,E,A,H,-,C,D,0,Y,,,Y,Y,,F,25,0,0,0,1,0,0,0,0,0,"- ","- ",39.125690460205078,-121.5684814453125,YUBA,UNINCORPORATED,-121.568359375,39.125789642333984
90839948,2018,2018-10-19,9285,2018-09-11,1315,016052,,2,1,9,5800,0,2,4,,1,061,"LOMA RICA ROAD","SUGARLOAF COURT",0.00,,Y,A,-,N,,,,,,,,,,Y,1,1,0,2,A,-,09,21801,A,N,D,C,A,A,H,-,A,D,0,,,Y,,Y,,D,22,0,0,0,0,0,0,0,1,0,"- ","- ",39.330410003662109,-121.35814666748047,YUBA,UNINCORPORATED,-121.3580322265625,39.330459594726562
90842547,2018,2018-10-23,9285,2018-08-05,1250,020106,,7,1,9,5800,0,2,4,,2,082,"LA PORTE RD","YUBA/PLUMAS COUNTY LINE",650.00,S,N,A,-,N,,,,,,,,,,Y,2,0,3,2,A,-,01,23152,A,N,D,C,A,A,H,-,A,D,0,,,,,Y,Y,A,01,2,0,1,0,0,0,0,0,0,"- ","- ",39.596359252929688,-121.07608032226562,YUBA,UNINCORPORATED,-121.07615661621094,39.59625244140625
90846999,2018,2018-10-29,9285,2018-10-23,1950,019401,,2,2,9,5800,0,1,3,,1,060,SR-70,"SPARROW LN",450.00,S,N,A,-,Y,,,70,,,,,,,Y,1,1,7,4,A,-,05,21650,,N,B,C,A,A,H,-,D,D,0,,,,,Y,,A,07,1,1,5,0,0,0,0,0,0,"- ","- ",39.285770416259766,-121.59455108642578,YUBA,UNINCORPORATED,-121.59461975097656,39.285774230957031
90847259,2018,2018-10-29,9285,2018-10-13,1950,020106,,6,2,9,5800,0,3,5,,1,002,"MCGOWAN PARKWAY","DAN AVENUE",0.00,,Y,A,-,N,,,,,,,,,,N,1,1,0,3,A,-,05,21202,A,F,D,G,A,A,H,-,C,D,0,,Y,,,Y,,L,04,0,0,0,0,0,1,0,0,0,"- ","- ",39.077350616455078,-121.53887939453125,YUBA,UNINCORPORATED,-121.53887176513672,39.077358245849609
90870169,2018,2018-11-29,9285,2018-11-24,0930,017393,,6,1,9,5800,0,3,5,,1,006,"WHITE OAK LANE","REDHILL WAY",291.00,E,N,B,-,N,,,,,,,,,,Y,2,0,1,1,A,-,08,22107,,N,E,I,A,B,H,-,A,D,0,,,,,Y,,A,01,1,0,0,0,0,0,0,0,0,"- ","- ",39.28662109375,-121.32187652587891,YUBA,UNINCORPORATED,-121.33713531494141,39.29718017578125
90870765,2018,2018-11-29,9285,2018-11-16,1210,015976,,5,1,9,5800,0,3,5,,1,006,"RAMIREZ RD",SR-70,4752.00,E,N,A,F,N,,,,,,,,,,Y,2,0,1,1,A,-,08,22107,,N,E,I,A,A,H,-,A,D,0,,,,,Y,,D,22,1,0,0,0,0,0,0,0,0,"- ","- ",39.2647705078125,-121.57848358154297,YUBA,UNINCORPORATED,-121.58049011230469,39.264698028564453
90878541,2018,2019-05-28,9285,2018-12-02,0410,018986,,7,3,9,5800,0,3,5,,1,002,"FORTY MILE RD","PLUMAS ARBOGA RD",200.00,N,N,A,-,N,,,,,,,,,,Y,2,0,1,3,A,-,01,23152,A,N,D,E,E,B,H,-,C,D,0,Y,,,,Y,Y,A,01,1,0,0,0,1,0,0,0,0,"- ","- ",39.030479431152344,-121.51571655273438,YUBA,UNINCORPORATED,-121.51557922363281,39.030605316162109
90883376,2018,2018-12-14,9285,2018-12-11,1945,019478,,2,2,9,5800,0,2,4,,1,022,"MCGOWAN PKY","LARSON ST",100.00,E,N,A,-,N,,,,,,,,,,N,2,0,1,2,A,-,08,22107,,F,C,G,A,A,H,-,C,A,0,,Y,,,Y,,-,99,1,0,0,0,0,0,1,0,0,"- ","- ",39.077369689941406,-121.53433990478516,YUBA,UNINCORPORATED,-121.53398895263672,39.077430725097656
90883381,2018,2018-12-14,9285,2018-12-05,2500,017393,,3,4,9,5800,0,2,4,,2,081,"MARYSVILLE ROAD","ROAD 169",5280.00,W,N,C,-,N,,,,,,,,,,Y,1,1,0,1,A,-,05,21460,A,N,E,J,A,B,H,-,D,D,0,,,,,Y,,D,22,0,0,0,0,0,0,0,0,0,"- ","- ",39.380340576171875,-121.14501953125,YUBA,UNINCORPORATED,-121.14715576171875,39.379638671875
90914645,2019,2019-01-29,9285,2019-01-22,1745,019085,,2,2,9,5800,0,3,5,,1,004,"HAMMONTON SMARTVILLE RD","NORTH BEALE RD",530.00,S,N,B,-,N,,,,,,,,,,N,2,0,1,2,A,-,05,21650,,N,A,G,A,A,H,-,D,D,0,,Y,,,Y,,L,04,1,0,0,0,0,0,1,0,0,"- ","- ",39.130088806152344,-121.55368041992188,YUBA,UNINCORPORATED,-121.55678558349609,39.126502990722656
90921757,2019,2019-02-07,9285,2019-01-30,1120,017900,,3,1,9,5800,0,1,3,,1,060,"STATE ROUTE 70","RAMIREZ ROAD",1342.00,S,N,A,-,Y,,,70,,,,,,,Y,1,2,2,2,A,-,08,22107,,N,A,C,A,A,H,-,A,D,0,,,,,Y,,A,01,2,0,0,0,0,0,0,0,0,"- ","- ",39.260749816894531,-121.59795379638672,YUBA,UNINCORPORATED,-121.59798431396484,39.260757446289062
90927204,2019,2019-02-15,9285,2019-02-09,1045,017900,,6,1,9,5800,0,3,5,,1,001,"WHEATLAND ROAD","PLEASANT GROVE ROAD",2997.00,E,N,C,-,N,,,,,,,,,,Y,2,0,5,1,A,-,03,22350,,N,E,I,A,B,H,-,D,D,0,,,,,Y,,A,01,1,3,1,0,0,0,0,0,0,"- ","- ",38.992271423339844,-121.47772216796875,YUBA,UNINCORPORATED,-121.47917938232422,38.992733001708984
90928059,2019,2019-02-18,9285,2019-02-10,0935,017163,,7,1,9,5800,0,1,3,,1,020,"SR-70 S/B","OLIVEHURST AVE",3802.00,S,N,B,-,Y,,,,,,,,,,Y,2,0,3,2,A,-,03,22350,,N,C,E,A,A,H,-,A,D,0,,,,,Y,,A,01,3,0,0,0,0,0,0,0,0,"- ","- ",39.094478607177734,-121.54274749755859,YUBA,UNINCORPORATED,-121.54257202148438,39.094318389892578
90957790,2019,2019-03-29,9285,2019-03-21,1615,017900,,4,2,9,5800,0,3,5,,1,006,"RAMIREZ ROAD","STATE ROUTE 70",3036.00,E,N,A,-,N,,,,,,,,,,Y,2,0,1,3,A,-,03,22350,,N,C,C,A,A,H,-,A,D,0,,,,,Y,,D,22,1,0,0,0,0,0,0,0,0,"- ","- ",39.26470947265625,-121.58643341064453,YUBA,UNINCORPORATED,-121.5865478515625,39.264640808105469
90964778,2019,2019-05-06,9285,2019-04-04,1755,018768,,4,2,9,5800,0,3,5,,1,006,"WOODRUFF LN","MATHEWS LN",35.00,W,N,B,-,N,,,,,,,,,,Y,2,0,2,2,A,-,05,21752,D,N,B,C,A,A,H,-,A,D,0,,,Y,,Y,,A,01,1,0,1,0,0,0,0,0,1,"- ","- ",39.214370727539062,-121.54357147216797,YUBA,UNINCORPORATED,-121.54363250732422,39.214370727539062
90971760,2019,2019-04-22,9285,2019-04-19,2358,018522,,5,3,9,5800,0,2,4,,1,061,"MARYSVILLE ROAD","WILLOW GLEN RD",3696.00,S,N,A,-,N,,,,,,,,,,Y,2,0,1,1,A,-,01,23152,A,N,E,I,A,A,H,-,D,D,0,,,,,Y,Y,D,22,1,0,0,0,0,0,0,0,0,"- ","- ",39.352390289306641,-121.32759094238281,YUBA,UNINCORPORATED,-121.32734680175781,39.353065490722656
90979081,2019,2019-04-30,9285,2019-04-20,2120,019085,,6,2,9,5800,0,3,5,,1,002,"COHN AVE","CEDAR LN",380.00,N,N,B,-,N,,,,,,,,,,N,2,0,1,2,A,-,03,22350,,N,A,E,A,A,H,-,D,D,0,,,Y,,Y,,A,01,1,0,0,0,0,0,0,0,1,"- ","- ",39.124828338623047,-121.58338928222656,YUBA,UNINCORPORATED,-121.58329772949219,39.124835968017578
90998524,2019,2019-05-29,9285,2019-05-19,2330,020106,,7,3,9,5800,0,1,3,,1,020,SR-70,"N. BEALE ROAD",400.00,S,N,A,-,Y,,,70,,,,,,,Y,2,0,1,1,A,-,08,22107,,N,E,I,A,A,H,-,D,D,0,,,,,Y,,A,01,1,0,0,0,0,0,0,0,0,"- ","- ",39.127429962158203,-121.58197784423828,YUBA,UNINCORPORATED,-121.58193969726562,39.127494812011719
91004251,2019,2019-06-05,9285,2019-05-27,1410,018768,,1,2,9,5800,0,2,4,,1,042,"HAMMONTON SMARTVILLE RD","BROPHY RD",1584.00,E,N,A,-,N,,,,,,,,,,Y,2,0,1,1,A,-,08,22107,,N,E,I,A,A,H,-,A,D,0,,,,,Y,,D,22,1,0,0,0,0,0,0,0,0,"- ","- ",39.153160095214844,-121.48133087158203,YUBA,UNINCORPORATED,-121.48118591308594,39.15325927734375
91006517,2019,2019-06-10,9285,2019-06-05,2036,018768,,3,2,9,5800,0,3,5,,1,002,"GRAND AVE","ALICIA AVE",0.00,,Y,A,-,N,,,,,,,,,,Y,2,0,1,2,A,-,12,22450,A,N,D,C,A,A,H,-,B,A,0,,,Y,,Y,,C,02,1,0,0,0,0,0,0,0,1,"- ","- ",39.115318298339844,-121.57469177246094,YUBA,UNINCORPORATED,-121.57465362548828,39.115348815917969
91007605,2019,2019-06-11,9285,2019-06-06,2340,019478,,4,3,9,5800,0,2,4,,1,061,"MARYSVILLE RD","WILLOW GLEN RD",600.00,S,N,A,-,N,,,,,,,,,,Y,2,0,1,2,A,-,08,22107,,N,F,A,A,A,H,-,D,D,0,,,,,Y,,D,22,1,0,0,0,0,0,0,0,0,"- ","- ",39.361339569091797,-121.32479858398438,YUBA,UNINCORPORATED,-121.32484436035156,39.361339569091797
91011739,2019,2019-06-17,9285,2019-06-06,1412,018291,,4,2,9,5800,0,3,5,,1,004,"SIMPSON LN","DAVIS RD.",350.00,W,N,A,-,Y,,,,,,,,,,Y,2,0,3,3,A,-,08,22107,,N,A,C,A,A,H,-,A,D,0,,,,,Y,,A,01,1,2,0,0,0,0,0,0,0,"- ","- ",39.142131805419922,-121.57716369628906,YUBA,UNINCORPORATED,-121.57658386230469,39.142002105712891