CASE_ID,ACCIDENT_YEAR,PROC_DATE,JURIS,COLLISION_DATE,COLLISION_TIME,OFFICER_ID,REPORTING_DISTRICT,DAY_OF_WEEK,CHP_SHIFT,POPULATION,CNTY_CITY_LOC,SPECIAL_COND,BEAT_TYPE,CHP_BEAT_TYPE,CITY_DIVISION_LAPD,CHP_BEAT_CLASS,BEAT_NUMBER,PRIMARY_RD,SECONDARY_RD,DISTANCE,DIRECTION,INTERSECTION,WEATHER_1,WEATHER_2,STATE_HWY_IND,CALTRANS_COUNTY,CALTRANS_DISTRICT,STATE_ROUTE,ROUTE_SUFFIX,POSTMILE_PREFIX,POSTMILE,LOCATION_TYPE,RAMP_INTERSECTION,SIDE_OF_HWY,TOW_AWAY,COLLISION_SEVERITY,NUMBER_KILLED,NUMBER_INJURED,PARTY_COUNT,PRIMARY_COLL_FACTOR,PCF_CODE_OF_VIOL,PCF_VIOL_CATEGORY,PCF_VIOLATION,PCF_VIOL_SUBSECTION,HIT_AND_RUN,TYPE_OF_COLLISION,MVIW,PED_ACTION,ROAD_SURFACE,ROAD_COND_1,ROAD_COND_2,LIGHTING,CONTROL_DEVICE,CHP_ROAD_TYPE,PEDESTRIAN_ACCIDENT,BICYCLE_ACCIDENT,MOTORCYCLE_ACCIDENT,TRUCK_ACCIDENT,NOT_PRIVATE_PROPERTY,ALCOHOL_INVOLVED,STWD_VEHTYPE_AT_FAULT,CHP_VEHTYPE_AT_FAULT,COUNT_SEVERE_INJ,COUNT_VISIBLE_INJ,COUNT_COMPLAINT_PAIN,COUNT_PED_KILLED,COUNT_PED_INJURED,COUNT_BICYCLIST_KILLED,COUNT_BICYCLIST_INJURED,COUNT_MC_KILLED,COUNT_MC_INJURED,PRIMARY_RAMP,SECONDARY_RAMP,LATITUDE,LONGITUDE,COUNTY,CITY,POINT_X,POINT_Y
91020819,2019,2019-06-28,9285,2019-06-21,1600,017118,,5,2,9,5800,0,1,3,,1,011,"SR-99 N/B","POWERLINE ROAD",2125.00,S,N,A,-,Y,,,,,,,,,,Y,2,0,2,2,A,-,03,22350,,N,C,C,A,A,H,-,A,D,0,,,,Y,Y,,A,07,1,0,1,0,0,0,0,0,0,"- ","- ",38.872119903564453,-121.55960083007812,YUBA,UNINCORPORATED,,
91044092,2019,2019-08-02,9285,2019-07-28,1915,020096,,7,2,9,5800,0,2,4,,1,042,"HAMMONTON SMARTVILLE RD","MCGANNEY LN",1214.00,E,N,A,-,N,,,,,,,,,,Y,2,0,1,1,A,-,03,22350,,N,F,I,A,A,H,-,A,D,0,,,Y,,Y,,C,02,1,0,0,0,0,0,0,0,1,"- ","- ",39.197429656982422,-121.29805755615234,YUBA,UNINCORPORATED,-121.29408264160156,39.197299957275391
91045050,2019,2019-08-05,9285,2019-07-24,1730,020096,,3,2,9,5800,0,2,4,,1,041,"N. BEALE ROAD","GRIFFITH AVENUE",0.00,,Y,A,-,N,,,,,,,,,,Y,2,0,1,2,A,-,09,21801,A,N,D,C,A,A,H,-,A,D,0,,,Y,,Y,,A,01,1,0,0,0,0,0,0,0,1,"- ","- ",39.128208160400391,-121.52365875244141,YUBA,UNINCORPORATED,-121.52361297607422,39.128231048583984
91063874,2019,2019-08-30,9285,2019-08-24,0300,018522,,6,3,3,5801,0,1,3,,1,062,SR-20,"WOODRUFF LN",65.00,W,N,A,-,Y,,,,,,,,,,Y,2,0,1,1,A,-,01,23152,A,N,E,I,A,A,H,-,C,D,0,,,,,Y,Y,A,07,1,0,0,0,0,0,0,0,0,"- ","- ",39.213058471679688,-121.51300811767578,YUBA,MARYSVILLE,-121.51301574707031,39.213150024414062
91077504,2019,2019-09-18,9285,2019-09-09,1135,015491,,1,1,9,5800,0,2,4,,2,081,"MARYSVILLE ROAD","OLD DOBBINS ROAD",1400.00,N,N,A,-,N,,,,,,,,,,N,2,0,1,1,C,-,18,,,N,F,H,A,A,H,-,A,D,0,,,Y,,Y,,-,"- ",1,0,0,0,0,0,0,0,1,"- ","- ",39.376350402832031,-121.20979309082031,YUBA,UNINCORPORATED,-121.21710205078125,39.381874084472656
91092186,2019,2019-10-07,9285,2019-10-02,1011,014878,,3,1,9,5800,0,2,4,,2,021,"FEATHER RIVER BLVD","COUNTRY CLUB RD",715.00,N,N,A,-,N,,,,,,,,,,Y,2,0,1,1,A,-,08,22107,,N,F,A,A,A,H,-,A,D,0,,,,,Y,,A,01,1,0,0,0,0,0,0,0,0,"- ","- ",39.034618377685547,-121.57887268066406,YUBA,UNINCORPORATED,-121.57888793945312,39.035053253173828
91095364,2019,2019-10-11,9285,2019-10-04,0755,016052,,5,1,9,5800,0,2,4,,1,041,"N. BEALE ROAD","FEATHER RIVER BLVD",173.00,W,N,A,-,N,,,,,,,,,,N,2,0,1,2,A,-,03,22350,,N,C,C,A,A,H,-,A,D,0,,,,,Y,,A,07,1,0,0,0,0,0,0,0,0,"- ","- ",39.125869750976562,-121.57652282714844,YUBA,UNINCORPORATED,-121.57635498046875,39.125797271728516
91096602,2019,2019-10-14,9285,2019-10-03,2120,019478,,4,2,9,5800,0,1,3,,1,020,"SR-70 NB","OLIVEHURST AVE",50.00,N,N,A,-,Y,,,,,,,,,,N,2,0,1,2,A,-,11,21954,A,N,G,B,D,A,H,-,C,A,0,Y,,,,Y,,N,60,1,0,0,0,1,0,0,0,0,"- ","- ",39.102699279785156,-121.55068969726562,YUBA,UNINCORPORATED,-121.55066680908203,39.102710723876953
91110448,2019,2019-11-05,9285,2019-10-23,1513,019948,,3,2,9,5800,0,2,4,,2,025,"STATE ROUTE 65","OAKLEY LANE",0.00,,Y,A,-,Y,,,65,,,,,,,Y,1,1,4,2,A,-,09,21801,A,N,D,C,A,A,H,-,A,D,0,,,,,Y,,A,01,4,0,0,0,0,0,0,0,0,"- ","- ",39.034500122070312,-121.46270751953125,YUBA,UNINCORPORATED,-121.46270751953125,39.034503936767578
91121845,2019,2019-12-19,9285,2019-10-27,0225,020106,,7,3,9,5800,0,2,4,,2,025,SR-65,"MCGOWAN PKY",5538.00,N,N,A,G,Y,,,65,,,,,,,Y,1,1,2,1,A,-,01,23152,A,N,E,A,A,A,H,-,D,D,0,,,,,Y,Y,A,01,2,0,0,0,0,0,0,0,0,"- ","- ",39.0902099609375,-121.53939819335938,YUBA,UNINCORPORATED,-121.53939056396484,39.090229034423828
91125427,2019,2019-11-21,9285,2019-10-22,1615,020224,,2,2,9,5800,0,2,4,,2,081,"MARYSVILLE RD","DRY CREEK LN",1240.00,N,N,A,-,N,,,,,,,,,,Y,2,0,2,4,A,-,01,23153,A,N,A,C,A,A,H,-,A,D,0,,,Y,,Y,Y,A,01,2,0,0,0,0,0,0,0,0,"- ","- ",39.292499542236328,-121.38009643554688,YUBA,UNINCORPORATED,-121.38046264648438,39.292449951171875
91153937,2019,2019-12-27,9285,2019-12-06,1645,020224,,5,2,9,5800,0,3,5,,1,008,"FORBESTOWN RD","ABERNATHY ROAD",1200.00,S,N,A,-,N,,,,,,,,,,Y,2,0,1,2,A,-,05,21650,,N,A,C,A,A,H,-,B,D,0,,,Y,,Y,,C,02,1,0,0,0,0,0,0,0,1,"- ","- ",39.512931823730469,-121.22184753417969,YUBA,UNINCORPORATED,-121.22190093994141,39.512977600097656
91161979,2020,2020-01-08,9285,2020-01-03,1740,019478,,5,2,9,5800,0,1,3,,1,062,SR-20,"SICARD FLAT RD",0.00,,Y,A,-,Y,,,20,,,,,,,Y,2,0,1,2,A,-,08,22107,,N,D,C,A,A,H,-,D,A,0,,,,,Y,,D,22,1,0,0,0,0,0,0,0,0,"- ","- ",39.227859497070312,-121.34931945800781,YUBA,UNINCORPORATED,-121.34941101074219,39.227790832519531
91166197,2020,2020-01-15,9285,2020-01-14,1145,019948,,2,1,9,5800,0,2,4,,1,022,"LINDHURST AVE","ERLE RD",1426.00,S,N,A,-,N,,,,,,,,,,Y,2,0,3,2,A,-,05,21651,A,N,D,C,A,A,H,-,A,D,0,,,,,Y,,A,01,1,1,1,0,0,0,0,0,0,"- ","- ",39.110038757324219,-121.55522918701172,YUBA,UNINCORPORATED,-121.55528259277344,39.110195159912109
91190213,2020,2020-02-20,9285,2020-02-13,1740,019948,,4,2,9,5800,0,3,5,,1,002,"40 MILE ROAD",SR-65,4224.00,S,N,A,-,N,,,,,,,,,,Y,2,0,1,2,A,-,09,21801,A,N,A,C,A,A,H,-,A,D,0,,,Y,,Y,,A,01,1,0,0,0,0,0,0,0,1,"- ","- ",39.051471710205078,-121.51509094238281,YUBA,UNINCORPORATED,-121.51509094238281,39.051471710205078
91198437,2020,2020-02-28,9285,2020-02-18,2220,019830,,2,3,9,5800,0,2,4,,1,022,"SR-70 TO OLIVEHURST AVE","POWERLINE RD",317.00,E,N,A,-,Y,,,70,,,,R,,,Y,2,0,2,2,A,-,12,22450,A,N,A,C,A,A,H,-,C,A,0,,,,,Y,,A,01,1,1,0,0,0,0,0,0,0,"- ","- ",39.102241516113281,-121.55075073242188,YUBA,UNINCORPORATED,-121.55092999999999,39.102049000000001
91210699,2020,2020-03-18,9285,2020-03-08,2154,019223,,7,2,9,5800,0,3,5,,1,002,"LINKS PKWY","BLUEGRASS ST",128.00,S,N,B,-,N,,,,,,,,,,Y,2,0,1,1,A,-,01,23152,A,N,E,I,A,A,H,-,C,A,0,,,,,Y,Y,D,22,1,0,0,0,0,0,0,0,0,"- ","- ",39.058731079101562,-121.56809234619141,YUBA,UNINCORPORATED,-121.56830596923828,39.058464050292969
91211853,2020,2020-03-19,9285,2020-03-12,1416,018986,,4,2,9,5800,0,2,4,,1,061,"LOMA RICA RD","DALE LN",169.00,E,N,A,-,N,,,,,,,,,,Y,2,0,1,1,A,-,01,23152,A,N,E,I,A,A,H,-,A,D,0,,,,,Y,Y,D,22,1,0,0,0,0,0,0,0,0,"- ","- ",39.331729888916016,-121.36444854736328,YUBA,UNINCORPORATED,-121.36454772949219,39.331779479980469
91219329,2020,2020-04-01,9285,2020-03-26,2355,019253,,4,3,9,5800,0,3,5,,1,002,"RIVER OAKS BLVD","POWDER WAY",100.00,N,N,A,-,Y,,,,,,,,,,N,2,0,1,1,A,-,01,23152,A,N,E,I,A,A,H,-,C,D,0,,,,,Y,Y,A,01,1,0,0,0,0,0,0,0,0,"- ","- ",38.986831665039062,-121.54913330078125,YUBA,UNINCORPORATED,-121.54916381835938,38.986724853515625
91220250,2020,2020-04-03,9285,2020-03-25,0524,021025,,3,3,9,5800,0,3,5,,1,002,"RUPERT AVE","POND VIEW DRIVE",172.00,N,N,A,-,N,,,,,,,,,,Y,2,0,2,1,A,-,08,22107,,N,E,I,A,A,H,-,C,D,0,,,,,Y,,A,01,1,1,0,0,0,0,0,0,0,"- ","- ",39.11859130859375,-121.56012725830078,YUBA,UNINCORPORATED,-121.56009674072266,39.118495941162109
91234263,2020,2020-05-06,9285,2020-05-01,0305,019085,,5,3,9,5800,0,1,3,,1,062,SR-20,"KIBBE RD",870.00,E,N,A,-,Y,,,20,,,,,,,Y,2,0,1,1,A,-,08,22107,,N,E,I,A,A,H,-,D,D,0,,,,,Y,,A,01,1,0,0,0,0,0,0,0,0,"- ","- ",39.215671539306641,-121.48005676269531,YUBA,UNINCORPORATED,-121.48000335693359,39.215549468994141
91245688,2020,2020-06-01,9285,2020-05-22,2355,021025,,5,3,9,5800,0,3,5,,1,002,"FORTY MILE RD","PLUMAS ARBOGA RD",5000.00,N,N,A,-,N,,,,,,,,,,Y,2,0,3,5,A,-,03,22350,,F,C,C,A,A,H,-,D,D,0,,,,,Y,,D,22,1,1,1,0,0,0,0,0,0,"- ","- ",39.044338226318359,-121.51505279541016,YUBA,UNINCORPORATED,-121.51507568359375,39.043735504150391
91249735,2020,2020-06-09,9285,2020-06-06,1135,018475,,6,1,9,5800,0,1,3,,1,020,"SR-70 E/B","FEATHER RIVER BLVD",0.00,,N,A,-,Y,,,70,,,,,,E,Y,2,0,1,1,A,-,03,22350,,N,F,A,A,A,H,-,A,D,0,,,Y,,Y,,C,02,1,0,0,0,0,0,0,0,1,"- ","- ",39.123958587646484,-121.57523345947266,YUBA,UNINCORPORATED,-121.57546997070312,39.123565673828125
91267890,2020,2020-07-13,9285,2020-07-06,0115,018636,,1,3,9,5800,0,1,3,,1,060,SR-70,"SODARO LN",173.00,N,N,A,-,N,,,70,,,,,,,Y,2,0,1,1,A,-,01,23152,A,N,E,I,A,A,H,-,D,D,0,,,,,Y,Y,A,01,1,0,0,0,0,0,0,0,0,"- ","- ",39.234889984130859,-121.60043334960938,YUBA,UNINCORPORATED,-121.60038757324219,39.234886169433594
91269930,2020,2020-07-16,9285,2020-07-06,2050,021920,,1,2,9,5800,0,2,4,,1,061,"LOMA RICA RD","FRUITLAND RD",638.00,N,N,A,-,N,,,,,,,,,,N,2,0,1,1,A,-,08,22107,,N,E,I,A,A,H,-,D,D,0,,,Y,,Y,,C,02,1,0,0,0,0,0,0,0,1,"- ","- ",39.312950134277344,-121.41712188720703,YUBA,UNINCORPORATED,-121.41701507568359,39.312873840332031
91272295,2020,2020-07-21,9285,2020-07-11,1700,020224,,6,2,9,5800,0,3,5,,1,008,"MARYSVILLE RD","OLD DOBBINS RD",1320.00,E,N,A,-,N,,,,,,,,,,Y,2,0,1,1,A,-,08,22107,,N,F,A,A,A,H,-,A,D,0,,,Y,,Y,,C,02,1,0,0,0,0,0,0,0,1,"- ","- ",39.373161315917969,-121.20223999023438,YUBA,UNINCORPORATED,-121.21027374267578,39.376682281494141
91273150,2020,2020-07-23,9285,2020-07-14,1535,017393,,2,2,9,5800,0,3,5,,1,006,"WOODRUFF LANE","ARMSTRONG ROAD",1056.00,E,N,A,-,N,,,,,,,,,,Y,2,0,1,1,A,-,08,22107,,N,E,J,A,A,H,-,A,A,0,,,,,Y,,A,01,1,0,0,0,0,0,0,0,0,"- ","- ",39.219631195068359,-121.58109283447266,YUBA,UNINCORPORATED,-121.58198547363281,39.219635009765625
91275443,2020,2021-04-08,9285,2020-07-18,0535,019830,,6,3,9,5800,0,1,3,,1,060,SR-70,"CHANDLER RD",3.00,N,N,A,-,Y,,,70,,,,,,,Y,2,0,1,2,A,-,05,21460,C,N,D,C,A,A,H,-,A,D,0,,,,,Y,,A,07,1,0,0,0,0,0,0,0,0,"- ","- ",39.292011260986328,-121.59490966796875,YUBA,UNINCORPORATED,-121.59493255615234,39.292011260986328
91280941,2020,2020-08-05,9230,2020-07-26,1810,019235,,7,2,9,5800,0,1,3,,1,081,SR49,"OAK VALLEY RD",63.00,N,N,B,-,Y,,,49,,,,,,,Y,2,0,1,1,A,-,08,22107,,N,E,I,A,A,H,-,A,D,0,,,Y,,Y,,C,02,1,0,0,0,0,0,0,0,1,"- ","- ",39.496089935302734,-121.03753662109375,YUBA,UNINCORPORATED,-121.03763580322266,39.496959686279297
91281596,2020,2020-08-06,9285,2020-08-01,1855,020096,,6,2,9,5800,0,3,5,,1,002,"11TH AVENUE","ARDMORE AVE",0.00,,Y,A,-,N,,,,,,,,,,N,2,0,1,2,A,-,12,22450,A,N,D,C,A,A,H,-,A,B,0,,,Y,,Y,,C,03,1,0,0,0,0,0,0,0,1,"- ","- ",39.088008880615234,-121.54959106445312,YUBA,UNINCORPORATED,-121.54952239990234,39.087970733642578
91288012,2020,2020-08-18,9285,2020-08-11,1825,020070,,2,2,9,5800,0,2,4,,2,025,"SR-65 SOUTHBOUND","MCGOWAN PKY",2000.00,S,N,A,-,Y,,,65,,,,,,S,Y,2,0,3,2,A,-,01,23152,F,N,C,C,A,A,H,-,A,D,0,,,,,Y,,A,01,1,1,1,0,0,0,0,0,0,"- ","- ",39.072929382324219,-121.52419281005859,YUBA,UNINCORPORATED,-121.52420806884766,39.072914123535156
91296196,2020,2020-08-31,9285,2020-08-23,0114,021460,,7,3,9,5800,0,2,4,,1,042,"HAMMONTON SMARTVILLE RD","SOUTH GOLDEN PKWY",520.00,S,N,A,-,N,,,,,,,,,,Y,2,0,3,1,A,-,03,22350,,N,F,I,A,A,H,-,D,A,0,,,,,Y,,A,01,1,0,2,0,0,0,0,0,0,"- ","- ",39.198291778564453,-121.31813049316406,YUBA,UNINCORPORATED,-121.31626129150391,39.1986083984375
91300294,2020,2020-09-08,9285,2020-08-31,0457,019830,,1,3,9,5800,0,3,5,,1,004,"SIMPSON LN","BABBINGTON RD",2640.00,E,N,A,-,N,,,,,,,,,,N,2,0,1,2,D,-,00,,,F,G,B,E,A,H,-,D,D,0,Y,,,,Y,Y,-,"- ",1,0,0,0,1,0,0,0,0,"- ","- ",39.132499694824219,-121.55536651611328,YUBA,UNINCORPORATED,-121.55584716796875,39.137660980224609
91305516,2020,2020-09-16,9285,2020-09-04,2105,020070,,5,2,9,5800,0,2,4,,1,061,"LOMA RICA RD","LAS QUINTAS WAY",4686.00,N,N,F,-,N,,,,,,,,,,Y,2,0,1,1,A,-,01,23152,A,N,F,I,A,A,H,-,A,D,0,,,,,Y,Y,A,01,1,0,0,0,0,0,0,0,0,"- ","- ",39.254978179931641,-121.49465942382812,YUBA,UNINCORPORATED,-121.49529266357422,39.254016876220703
91312415,2020,2020-10-06,9285,2020-09-19,2240,020454,,6,3,9,5800,0,3,5,,1,006,"6485 BALD MOUNTAIN ROAD","PEORIA RD",1074.00,W,N,A,-,N,,,,,,,,,,Y,2,0,2,1,A,-,01,23152,A,N,E,I,A,A,H,-,D,D,0,,,,,Y,Y,D,22,2,0,0,0,0,0,0,0,0,"- ","- ",39.265499114990234,-121.37267303466797,YUBA,UNINCORPORATED,-121.37252044677734,39.265472412109375
91317516,2020,2020-10-05,9285,2020-09-25,1230,015491,,5,1,9,5800,0,1,3,,1,060,"STATE ROUTE 70","SILVA AVENUE",1550.00,S,N,A,-,Y,,,70,,,,,,,Y,2,0,2,2,A,-,06,21750,A,N,D,C,A,A,H,-,A,D,0,,,Y,,Y,,C,02,2,0,0,0,0,0,0,0,2,"- ","- ",39.176971435546875,-121.59123992919922,YUBA,UNINCORPORATED,-121.59120178222656,39.176979064941406
91320776,2020,2020-10-09,9285,2020-10-02,1704,018986,,5,2,9,5800,0,3,5,,1,002,"ARDMORE AVE","11TH AVENUE",415.00,S,N,A,-,N,,,,,,,,,,N,2,0,1,1,A,-,03,22350,,N,F,A,A,A,H,-,A,D,0,,,Y,,Y,,C,02,1,0,0,0,0,0,0,0,1,"- ","- ",39.086788177490234,-121.54960632324219,YUBA,UNINCORPORATED,-121.549560546875,39.086830139160156
91322617,2020,2020-10-13,9285,2020-10-01,0830,018291,,4,1,9,5800,0,2,4,,1,041,"N. BEALE RD.","RAILROAD OVERCROSSING",173.00,E,N,A,-,N,,,,,,,,,,Y,2,0,1,2,A,-,03,22350,,F,C,C,A,A,H,-,A,D,0,,,Y,,Y,,A,07,1,0,0,0,0,0,0,0,1,"- ","- ",39.125579833984375,-121.56889343261719,YUBA,UNINCORPORATED,-121.56891632080078,39.125629425048828
91333713,2020,2020-10-29,9285,2020-10-14,2317,018636,,3,3,9,5800,0,1,3,,1,060,SR-70,"CHANDLER ROAD",2521.00,S,N,A,-,Y,,,70,,,,,,,Y,1,1,2,2,A,-,08,22107,,N,A,C,A,A,H,-,D,D,0,,,,,Y,,A,01,0,1,1,0,0,0,0,0,0,"- ","- ",39.285110473632812,-121.59467315673828,YUBA,UNINCORPORATED,-121.59467315673828,39.285110473632812
91337283,2020,2020-11-02,9285,2020-10-24,0415,013174,,6,3,9,5800,0,3,5,,1,002,"FORTY MILE RD","LEACH RD",2500.00,S,N,A,-,N,,,,,,,,,,Y,2,0,1,1,A,-,08,22107,,N,E,I,A,A,H,-,D,D,0,,,,,Y,,D,22,1,0,0,0,0,0,0,0,0,"- ","- ",38.997001647949219,-121.49181365966797,YUBA,UNINCORPORATED,-121.49173736572266,38.996784210205078
91350671,2020,2020-11-20,9285,2020-11-11,0005,017393,,3,3,9,5800,0,2,4,,2,082,"LA PORTE ROAD","OREGON HILL RD",1056.00,N,N,A,-,N,,,,,,,,,,Y,2,0,1,1,A,-,08,22107,,N,F,J,A,A,H,-,D,D,0,,,,,Y,Y,A,01,1,0,0,0,0,0,0,0,0,"- ","- ",39.482791900634766,-121.21778106689453,YUBA,UNINCORPORATED,-121.22371673583984,39.485767364501953
91353660,2020,2020-12-16,9285,2020-11-19,0315,021025,,4,3,9,5800,0,1,3,,1,020,"SR-70 S/B",SR-65,0.00,,N,A,-,Y,,,,,,,,,,Y,2,0,2,1,A,-,08,22107,,N,E,I,A,A,H,-,C,D,0,,,,,Y,,A,01,1,0,1,0,0,0,0,0,0,"- ","- ",39.094490051269531,-121.54287719726562,YUBA,UNINCORPORATED,-121.54286193847656,39.095340728759766
91363777,2020,2020-12-10,9285,2020-12-05,1130,018475,,6,1,9,5800,0,2,4,,1,042,"HAMMONTON SMARTVILLE RD","ALBERTA AVE",300.00,E,N,A,-,N,,,,,,,,,,N,2,0,1,2,A,-,11,21954,A,F,G,B,D,A,H,-,A,D,0,Y,,,,Y,,N,60,1,0,0,0,1,0,0,0,0,"- ","- ",39.136260986328125,-121.52973175048828,YUBA,UNINCORPORATED,-121.52971649169922,39.136260986328125
91376425,2020,2021-01-06,9285,2020-12-10,1510,020454,,4,2,9,5800,0,2,4,,1,061,"LOMA RICA RD","BONANZA WAY",215.00,W,N,A,-,N,,,,,,,,,,Y,1,1,0,2,A,-,11,21956,,N,G,B,E,A,H,-,A,D,0,Y,,,,Y,,N,60,0,0,0,1,0,0,0,0,0,"- ","- ",39.313240051269531,-121.40714263916016,YUBA,UNINCORPORATED,-121.40691375732422,39.313213348388672
91393527,2021,2021-01-25,9285,2021-01-10,0810,018291,,7,1,9,5800,0,3,5,,1,002,"PLUMAS ARBOGA RD","SR-70 UC",40.00,N,N,B,-,N,,,,,,,,,,Y,2,0,1,1,A,-,08,22107,,N,E,I,A,A,H,-,A,D,0,,,,,Y,,D,23,1,0,0,0,0,0,0,0,0,"- ","- ",39.029689788818359,-121.54556274414062,YUBA,UNINCORPORATED,,
91423460,2021,2021-03-09,9285,2021-03-03,2210,020106,,3,3,9,5800,0,3,5,,1,002,"LINDHURST AVE","ERLE RD",2029.00,S,N,A,-,N,,,,,,,,,,N,2,0,1,1,A,-,08,22107,,N,E,I,A,A,H,-,D,D,0,,Y,,,Y,,L,04,1,0,0,0,0,0,1,0,0,"- ","- ",39.108661651611328,-121.55404663085938,YUBA,UNINCORPORATED,-121.55412292480469,39.108806610107422
91446903,2021,2021-04-09,9285,2021-04-04,0410,020454,,7,3,9,5800,0,1,3,,1,060,"SR-70 N/B","CHANDLER RD",400.00,S,N,A,-,Y,,,,,,,,,,Y,2,0,2,1,A,-,01,23152,A,N,E,I,A,A,H,-,D,D,0,,,,,Y,Y,A,01,1,1,0,0,0,0,0,0,0,"- ","- ",39.289951324462891,-121.59456634521484,YUBA,UNINCORPORATED,-121.59488677978516,39.290901184082031
91456061,2021,2021-04-22,9285,2021-04-18,1412,018986,,7,2,9,5800,0,2,4,,2,025,SR-65,"DAIRY RD",1080.00,N,N,A,-,Y,,,65,,,,,,,Y,2,0,1,1,A,-,01,23152,A,N,E,I,A,A,H,-,A,D,0,,,,,Y,Y,D,22,1,0,0,0,0,0,0,0,0,"- ","- ",39.028430938720703,-121.45378112792969,YUBA,UNINCORPORATED,-121.45384979248047,39.028331756591797
91464018,2021,2021-05-27,9230,2021-04-17,0030,020425,,6,3,9,5800,0,1,3,,1,081,SR-49,"CREEKSIDE TRAIL",2100.00,S,N,A,-,Y,,,,,,,,,,Y,2,0,1,1,A,-,08,22107,,N,E,8,A,A,H,-,D,D,0,,,,,Y,,A,01,1,0,0,0,0,0,0,0,0,"- ","- ",38.604900360107422,-121.28040313720703,YUBA,UNINCORPORATED,,
91470132,2021,2021-05-11,9285,2021-04-15,1602,018561,,4,2,9,5800,0,3,5,,1,002,"FORTY MILE ROAD","PLUMAS ARBOGA ROAD",0.00,,Y,A,-,N,,,,,,,,,,Y,1,2,0,2,A,-,09,21802,A,N,D,C,A,A,H,-,A,A,0,,,Y,,Y,,D,22,0,0,0,0,0,0,0,2,0,"- ","- ",39.030071258544922,-121.51583862304688,YUBA,UNINCORPORATED,-121.51586151123047,39.030101776123047
91470277,2021,2021-05-27,9285,2021-04-30,1600,021460,,5,2,9,5800,0,3,5,,1,006,SR-70,"CHANDLER RD",2640.00,S,N,A,-,Y,,,70,,,,,,,Y,2,0,2,2,A,-,03,22350,,N,C,C,A,A,H,-,A,A,0,,,Y,,Y,,C,02,1,0,1,0,0,0,0,0,1,"- ","- ",39.284568786621094,-121.5947265625,YUBA,UNINCORPORATED,-121.59471893310547,39.284568786621094
91474969,2021,2021-05-27,9285,2021-05-11,0414,021460,,2,3,9,5800,0,3,5,,1,002,"ARBOGA RD","PLUMAS ARBOGA RD",1530.00,N,N,A,-,N,,,,,,,,,,Y,2,0,1,1,A,-,08,22107,,N,E,I,A,A,H,-,C,A,0,,,,,Y,Y,A,08,1,0,0,0,0,0,0,0,0,"- ","- ",39.059471130371094,-121.56143951416016,YUBA,UNINCORPORATED,-121.56141662597656,39.059326171875
91480915,2021,2021-05-27,9285,2021-05-18,0005,019798,,2,3,9,5800,0,3,5,,1,004,"GOLFIELDS PKWY.","RIVER BANK DR.",28.00,N,N,A,-,N,,,,,,,,,,N,2,0,1,2,A,-,10,21950,A,N,G,B,B,A,H,-,C,D,0,Y,,,,Y,,A,01,1,0,0,0,1,0,0,0,0,"- ","- ",39.117530822753906,-121.5341796875,YUBA,UNINCORPORATED,-121.53403472900391,39.117465972900391
91494206,2021,2021-06-10,9285,2021-05-30,1155,018291,,7,1,9,5800,0,3,5,,1,006,"SCOTT FORBES RD.","DEER RIDGE COURT",1954.00,N,N,A,-,N,,,,,,,,,,Y,2,0,2,2,A,-,01,23152,A,N,D,G,A,A,H,-,A,D,0,,Y,,,Y,Y,A,01,1,1,0,0,0,0,1,0,0,"- ","- ",39.257728576660156,-121.34123992919922,YUBA,UNINCORPORATED,-121.34088134765625,39.257694244384766