CASE_ID,ACCIDENT_YEAR,PROC_DATE,JURIS,COLLISION_DATE,COLLISION_TIME,OFFICER_ID,REPORTING_DISTRICT,DAY_OF_WEEK,CHP_SHIFT,POPULATION,CNTY_CITY_LOC,SPECIAL_COND,BEAT_TYPE,CHP_BEAT_TYPE,CITY_DIVISION_LAPD,CHP_BEAT_CLASS,BEAT_NUMBER,PRIMARY_RD,SECONDARY_RD,DISTANCE,DIRECTION,INTERSECTION,WEATHER_1,WEATHER_2,STATE_HWY_IND,CALTRANS_COUNTY,CALTRANS_DISTRICT,STATE_ROUTE,ROUTE_SUFFIX,POSTMILE_PREFIX,POSTMILE,LOCATION_TYPE,RAMP_INTERSECTION,SIDE_OF_HWY,TOW_AWAY,COLLISION_SEVERITY,NUMBER_KILLED,NUMBER_INJURED,PARTY_COUNT,PRIMARY_COLL_FACTOR,PCF_CODE_OF_VIOL,PCF_VIOL_CATEGORY,PCF_VIOLATION,PCF_VIOL_SUBSECTION,HIT_AND_RUN,TYPE_OF_COLLISION,MVIW,PED_ACTION,ROAD_SURFACE,ROAD_COND_1,ROAD_COND_2,LIGHTING,CONTROL_DEVICE,CHP_ROAD_TYPE,PEDESTRIAN_ACCIDENT,BICYCLE_ACCIDENT,MOTORCYCLE_ACCIDENT,TRUCK_ACCIDENT,NOT_PRIVATE_PROPERTY,ALCOHOL_INVOLVED,STWD_VEHTYPE_AT_FAULT,CHP_VEHTYPE_AT_FAULT,COUNT_SEVERE_INJ,COUNT_VISIBLE_INJ,COUNT_COMPLAINT_PAIN,COUNT_PED_KILLED,COUNT_PED_INJURED,COUNT_BICYCLIST_KILLED,COUNT_BICYCLIST_INJURED,COUNT_MC_KILLED,COUNT_MC_INJURED,PRIMARY_RAMP,SECONDARY_RAMP,LATITUDE,LONGITUDE,COUNTY,CITY,POINT_X,POINT_Y
91510035,2021,2021-11-12,9285,2021-06-13,1715,020096,,7,2,9,5800,0,2,4,,1,041,"NORTH BEALE ROAD","ALBRECHT AVENUE",0.00,,Y,A,-,N,,,,,,,,,,Y,1,1,0,2,A,-,09,21802,A,N,D,C,A,A,H,-,A,D,0,,,Y,,Y,,A,01,0,0,0,0,0,0,0,1,0,"- ","- ",39.127761840820312,-121.54960632324219,YUBA,UNINCORPORATED,-121.54960632324219,39.127769470214844
91522408,2021,2021-07-16,9285,2021-07-09,1340,020070,,5,1,9,5800,0,3,5,,1,002,"14TH STREET","COLLEGE WAY",50.00,W,N,A,-,N,,,,,,,,,,N,2,0,1,2,A,-,03,22350,,N,C,C,A,A,H,-,A,D,0,,,,,Y,,A,01,1,0,0,0,0,0,0,0,0,"- ","- ",39.083751678466797,-121.55084991455078,YUBA,UNINCORPORATED,-121.55075836181641,39.083778381347656
91525555,2021,2021-07-21,9285,2021-07-15,1219,015491,,4,1,9,5800,0,1,3,,1,020,"STATE ROUTE 70","ERLE ROAD",2904.00,N,N,A,-,Y,,,70,,,,,,,Y,2,0,1,1,A,-,08,22107,,N,E,8,A,A,H,-,A,D,0,,,,,Y,,D,22,1,0,0,0,0,0,0,0,0,"- ","- ",39.11785888671875,-121.56691741943359,YUBA,UNINCORPORATED,-121.56679534912109,39.118064880371094
91528854,2021,2021-07-26,9285,2021-07-17,1340,018561,,6,1,9,5800,0,1,3,,1,060,SR-70,"RAMIREZ RD",0.00,,Y,A,-,Y,,,70,,,,,,,Y,2,0,5,2,A,-,09,21801,A,N,A,C,A,A,H,-,A,D,0,,,,,Y,,A,01,1,1,3,0,0,0,0,0,0,"- ","- ",39.264560699462891,-121.59731292724609,YUBA,UNINCORPORATED,-121.59729766845703,39.264560699462891
91529034,2021,2021-07-26,9285,2021-07-18,1000,016052,,7,1,9,5800,0,1,3,,1,020,SR-70,"ERLE ROAD",3021.00,N,N,A,-,Y,,,70,,,,,,,Y,1,1,0,1,A,-,08,22107,,N,E,I,A,A,H,-,A,D,0,,,,,Y,,A,01,0,0,0,0,0,0,0,0,0,"- ","- ",39.118549346923828,-121.56764221191406,YUBA,UNINCORPORATED,-121.567626953125,39.118572235107422
91534769,2021,2021-08-02,9285,2021-07-21,0010,021920,,3,3,9,5800,0,2,4,,1,042,"HAMMSMARTVILLE RD","SOUTH GOLDEN PKWY",9874.00,W,N,A,-,N,,,,,,,,,,Y,2,0,1,1,A,-,08,22107,,N,E,I,A,A,H,-,D,D,0,,,,,Y,,A,01,1,0,0,0,0,0,0,0,0,"- ","- ",38.191200256347656,-121.34989166259766,YUBA,UNINCORPORATED,,
91538664,2021,2022-02-24,9285,2021-07-26,1300,015976,,1,1,9,5800,0,1,3,,1,062,SR-20,"MARYSVILLE RD",0.00,,Y,B,-,Y,,,20,,,,,,,Y,2,0,2,3,A,-,09,21802,A,N,D,C,A,A,H,-,A,A,0,,,Y,,Y,,A,08,2,0,0,0,0,0,0,0,2,"- ","- ",39.227928161621094,-121.41404724121094,YUBA,UNINCORPORATED,-121.41403961181641,39.227890014648438
91539998,2021,2021-08-09,9285,2021-07-31,2045,020106,,6,2,9,5800,0,2,4,,1,042,"HAMMONTON SMARTVILLE RD","HILE AVENUE",0.00,,Y,A,-,N,,,,,,,,,,Y,2,0,1,1,A,-,08,22107,,F,F,A,A,A,H,-,D,D,0,,,Y,,Y,,C,06,1,0,0,0,0,0,0,0,1,"- ","- ",39.132148742675781,-121.55284881591797,YUBA,UNINCORPORATED,-121.55290985107422,39.132160186767578
91545748,2021,2021-08-16,9285,2021-08-07,1700,021920,,6,2,9,5800,0,3,5,,1,002,"LEVEE RD","COUNTRY CLUB RD",5914.00,S,N,A,-,N,,,,,,,,,,N,2,0,1,1,A,-,03,22350,,N,A,I,A,C,H,-,A,D,0,,,,,Y,,A,07,1,0,0,0,0,0,0,0,0,"- ","- ",39.018669128417969,-121.59069061279297,YUBA,UNINCORPORATED,-121.59111022949219,39.019100189208984
91550051,2021,2021-08-20,9285,2021-08-11,1530,020106,,3,2,9,5800,0,1,3,,1,020,SR-70,"N. BEALE ROAD",200.00,N,N,A,-,Y,,,70,,,,,,,Y,2,0,1,2,A,-,11,21956,A,N,G,B,E,A,H,-,A,D,0,Y,,,,Y,Y,N,60,1,0,0,0,1,0,0,0,0,"- ","- ",39.12969970703125,-121.58573150634766,YUBA,UNINCORPORATED,-121.58573913574219,39.129684448242188
91550211,2021,2021-08-20,9285,2021-08-17,1930,020106,,2,2,9,5800,0,3,5,,1,008,"BARTON HILL ROAD","PLATEAU LANE",330.00,S,N,A,-,N,,,,,,,,,,N,2,0,1,1,A,-,08,22107,,N,F,A,A,A,H,-,A,D,0,,,Y,,Y,,C,02,1,0,0,0,0,0,0,0,1,"- ","- ",39.548511505126953,-121.13471221923828,YUBA,UNINCORPORATED,-121.13725280761719,39.547847747802734
91551488,2021,2021-09-13,9285,2021-08-16,1500,021920,,1,2,9,5800,0,2,4,,1,022,"POWERLINE RD","7TH AVE",15.00,S,N,A,-,N,,,,,,,,,,N,2,0,3,2,A,-,09,21804,B,N,D,C,A,A,H,-,A,A,0,,,,,Y,Y,A,01,1,1,1,0,0,0,0,0,0,"- ","- ",39.095039367675781,-121.54328155517578,YUBA,UNINCORPORATED,-121.54322814941406,39.095081329345703
91553688,2021,2021-08-25,9285,2021-08-08,0400,020070,,7,3,9,5800,0,2,4,,1,061,"MARYSVILLE RD","THERESE TRL",500.00,S,N,F,-,N,,,,,,,,,,Y,2,0,1,1,A,-,01,23152,A,N,E,I,A,A,H,-,D,D,0,,,,,Y,Y,A,07,1,0,0,0,0,0,0,0,0,"- ","- ",39.312580108642578,-121.36916351318359,YUBA,UNINCORPORATED,-121.36921691894531,39.312404632568359
91558579,2021,2021-08-30,9285,2021-08-21,0000,020096,,6,3,9,5800,0,1,3,,1,020,"SR-70 SOUTHBOUND","FEATHER RIVER BOULEVARD",2640.00,N,N,A,-,Y,,,,,,,,,,Y,2,0,1,1,A,-,03,22350,,N,H,A,A,A,H,-,C,D,0,,,Y,,Y,,C,02,1,0,0,0,0,0,0,0,1,"- ","- ",39.129238128662109,-121.58499908447266,YUBA,UNINCORPORATED,-121.58380889892578,39.128429412841797
91565659,2021,2021-09-08,9285,2021-09-01,1640,019830,,3,2,9,5800,0,2,4,,2,021,"PEORIA RD","BALD MOUNTAIN RD",2640.00,S,N,A,-,N,,,,,,,,,,Y,2,0,2,1,A,-,01,23152,F,N,E,I,A,A,H,-,A,D,0,,,,,Y,,A,07,2,0,0,0,0,0,0,0,0,"- ","- ",39.26007080078125,-121.36369323730469,YUBA,UNINCORPORATED,-121.36433410644531,39.260417938232422
91580327,2021,2021-09-27,9285,2021-09-19,1820,020507,,7,2,9,5800,0,2,4,,1,061,"WILLOW GLEN RD","EAGLE NEST ROAD",6000.00,N,N,A,-,N,,,,,,,,,,N,2,0,1,1,A,-,08,22107,,N,F,A,A,A,H,-,A,D,0,,,Y,,Y,,C,02,1,0,0,0,0,0,0,0,1,"- ","- ",39.398719787597656,-121.31118774414062,YUBA,UNINCORPORATED,,
91589220,2021,2021-10-06,9285,2021-09-27,0020,020119,,1,3,9,5800,0,1,3,,1,020,SR-70,"FEATHER RIVER BLVD.",2260.00,N,N,A,-,Y,,,70,,,,,,,Y,2,0,1,1,A,-,01,23152,A,N,B,I,A,A,H,-,C,D,0,,,,,Y,Y,A,01,1,0,0,0,0,0,0,0,0,"- ","- ",39.128330230712891,-121.58348846435547,YUBA,UNINCORPORATED,-121.58352661132812,39.128269195556641
91604096,2021,2021-11-08,9285,2021-10-11,0410,020096,,1,3,9,5800,0,2,4,,1,042,"HAMMONTON SMARTSVILLE RD","LINDA AVENUE",560.00,S,N,B,-,N,,,,,,,,,,N,2,0,1,2,A,-,11,21956,A,F,G,B,E,A,H,-,C,D,0,Y,,,,Y,,N,60,1,0,0,0,1,0,0,0,0,"- ","- ",39.128971099853516,-121.55448913574219,YUBA,UNINCORPORATED,-121.55448913574219,39.129020690917969
91604165,2021,2021-10-22,9285,2021-10-10,2210,020119,,7,3,9,5800,0,3,5,,1,002,"POWERLINE ROAD","7TH AVENUE",196.00,S,N,A,-,N,,,,,,,,,,N,1,1,0,2,A,-,11,21954,A,F,G,B,E,A,H,-,D,D,0,Y,,,,Y,,-,"- ",0,0,0,1,0,0,0,0,0,"- ","- ",39.094650268554688,-121.54306793212891,YUBA,UNINCORPORATED,-121.54301452636719,39.094615936279297
91612158,2021,2021-11-01,9285,2021-01-16,2317,017393,,6,3,3,5801,0,1,S,,2,901,"B ST","9TH STREET",0.00,,Y,A,-,Y,,,,,,,,,,Y,1,1,1,2,A,-,01,23153,G,F,D,C,A,A,H,-,C,A,0,,,,,Y,Y,A,01,0,1,0,0,0,0,0,0,0,"- ","- ",39.145050048828125,-121.58664703369141,YUBA,MARYSVILLE,-121.58660888671875,39.145015716552734
91618918,2021,2022-06-06,9285,2021-09-15,1416,019223,,3,2,9,5800,0,1,3,,1,020,"SR-70 S/B","OLIVEHURST AVE",3504.00,S,N,A,-,Y,,,,,,,,,,Y,1,2,1,3,A,-,01,23152,F,F,A,C,A,A,H,-,A,D,0,,,,,Y,,E,22,1,0,0,0,0,0,0,0,0,"- ","- ",39.095001220703125,-121.54297637939453,YUBA,UNINCORPORATED,-121.54306030273438,39.095291137695312
91620650,2021,2021-11-09,9230,2021-11-01,1315,017539,,1,1,9,5800,0,1,3,,1,081,SR-49,"MILL STREET",3168.00,N,N,B,C,Y,,,49,,,,,,,Y,2,0,2,1,A,-,01,23152,A,N,F,A,A,B,H,-,A,D,0,,,,,Y,Y,A,07,1,1,0,0,0,0,0,0,0,"- ","- ",39.457668304443359,-121.04488372802734,YUBA,UNINCORPORATED,-121.04488372802734,39.457675933837891
91625161,2021,2021-11-15,9285,2021-10-30,1420,020224,,6,2,9,5800,0,2,4,,2,082,"LA PORTE RD","WILLOW GLEN RD",95.00,W,N,A,-,N,,,,,,,,,,N,2,0,1,1,A,-,08,22107,,N,F,A,A,A,H,-,A,B,0,,,Y,,Y,,C,02,1,0,0,0,0,0,0,0,1,"- ","- ",39.460750579833984,-121.28440856933594,YUBA,UNINCORPORATED,-121.28411102294922,39.461490631103516
91636889,2021,2021-11-29,9285,2021-11-17,0720,018291,,3,1,9,5800,0,2,4,,1,042,"HAMMONTON SMARTVILLE RD","LAUGHLIN RD.",3130.00,E,N,A,-,Y,,,,,,,,,,Y,2,0,1,1,A,-,08,22107,,N,E,I,A,A,H,-,A,D,0,,,,,Y,,A,07,1,0,0,0,0,0,0,0,0,"- ","- ",39.184158325195312,-121.38594818115234,YUBA,UNINCORPORATED,,
91640186,2021,2021-12-01,9285,2021-11-20,1846,020507,,6,2,9,5800,0,3,5,,1,001,"4864 BEAVER LANE","SEVENTH AVENUE",242.00,S,N,A,-,N,,,,,,,,,,N,2,0,1,2,A,-,03,22350,,F,G,B,D,A,H,-,C,D,0,Y,,,,Y,,-,99,1,0,0,0,1,0,0,0,0,"- ","- ",39.094699859619141,-121.55702972412109,YUBA,UNINCORPORATED,-121.55698394775391,39.094734191894531
91646917,2021,2021-12-13,9285,2021-11-28,1752,018986,,7,2,9,5800,0,2,4,,2,021,"FEATHER RIVER BOULEVARD","ALICIA AVENUE",435.00,E,N,A,-,N,,,,,,,,,,N,2,0,1,2,A,-,11,21954,A,N,G,B,D,A,H,-,D,D,0,Y,,,,Y,,N,60,1,0,0,0,1,0,0,0,0,"- ","- ",39.121200561523438,-121.58070373535156,YUBA,UNINCORPORATED,-121.58071899414062,39.120994567871094
91653804,2021,2021-12-16,9285,2021-11-19,0229,021012,,5,3,9,5800,0,1,3,,1,062,SR-20,"JOINES RD",770.00,W,N,C,-,Y,,,20,,,,,,,Y,1,1,0,1,A,-,08,22107,,N,E,I,A,B,H,-,D,D,0,,,,,Y,,A,01,0,0,0,0,0,0,0,0,0,"- ","- ",39.221229553222656,-121.453369140625,YUBA,UNINCORPORATED,-121.453369140625,39.221183776855469
91657536,2021,2021-12-21,9285,2021-11-21,2235,021920,,7,3,9,5800,0,1,3,,1,020,"SR-70 NORTHBOUND","PLUMAS LAKE BLVD",8131.00,N,N,A,-,Y,,,,,,,,,,Y,1,1,1,1,A,-,08,22107,,N,E,J,A,A,H,-,C,D,0,,,Y,,Y,,C,02,0,1,0,0,0,0,0,1,1,"- ","- ",39.044570922851562,-121.54295349121094,YUBA,UNINCORPORATED,-121.54688262939453,39.022670745849609
91683911,2022,2022-01-24,9285,2022-01-17,1825,018632,,1,2,9,5800,0,2,4,,1,041,"N. BEALE ROAD","PARK AVENUE",26.00,E,N,A,-,N,,,,,,,,,,N,2,0,1,2,A,-,10,21950,A,N,G,B,B,A,H,-,C,A,0,Y,,,,Y,,A,01,1,0,0,0,1,0,0,0,0,"- ","- ",39.127540588378906,-121.55843353271484,YUBA,UNINCORPORATED,-121.55841064453125,39.1275634765625
91691578,2021,2022-02-02,9285,2021-12-03,2014,020096,,5,2,9,5800,0,3,5,,1,002,"FORTY MILE ROAD","ROSSER ROAD",1901.00,S,N,E,-,N,,,,,,,,,,N,1,1,0,2,A,-,11,21956,A,N,G,B,E,B,H,-,D,D,0,Y,,,,Y,,N,60,0,0,0,1,0,0,0,0,0,"- ","- ",39.326381683349609,-121.30548095703125,YUBA,UNINCORPORATED,-121.51514434814453,39.057491302490234
91691652,2021,2022-02-10,9285,2021-12-03,2017,020096,,5,2,9,5800,0,3,5,,1,002,"FORTY MILE ROAD","ROSSER ROAD",1901.00,S,N,E,-,N,,,,,,,,,,Y,2,0,2,3,A,-,03,22350,,N,G,B,E,A,H,-,D,D,0,Y,,,,Y,,D,22,1,0,1,0,0,0,0,0,0,"- ","- ",39.326381683349609,-121.30548095703125,YUBA,UNINCORPORATED,-121.51514434814453,39.057491302490234
91698729,2022,2022-02-11,9285,2022-02-02,1637,020507,,3,2,9,5800,0,3,5,,1,006,"RAMIREZ ROAD",SR-70,4133.00,E,N,A,-,N,,,,,,,,,,Y,2,0,3,2,A,-,08,22107,,N,E,I,A,A,H,-,A,D,0,,,,,Y,,A,07,2,1,0,0,0,0,0,0,0,"- ","- ",39.264629364013672,-121.58261108398438,YUBA,UNINCORPORATED,-121.58267211914062,39.264678955078125
91718965,2022,2022-03-09,9285,2022-03-02,2333,020070,,3,3,9,5800,0,3,5,,1,001,"FORTY MILE RD",SR-65,4600.00,S,N,A,-,N,,,,,,,,,,Y,2,0,2,2,A,-,09,21801,A,N,A,C,A,A,H,-,C,D,0,,,,,Y,,A,01,2,0,0,0,0,0,0,0,0,"- ","- ",39.05242919921875,-121.51490783691406,YUBA,UNINCORPORATED,-121.51423645019531,39.064620971679688
91721782,2022,2022-03-14,9285,2022-03-10,2358,020070,,4,3,9,5800,0,2,4,,2,021,"FEATHER RIVER BLVD","GRAND AVE",325.00,S,N,A,-,N,,,,,,,,,,N,2,0,3,1,A,-,01,23152,A,N,E,I,A,A,H,-,D,D,0,,,,,Y,Y,A,01,1,2,0,0,0,0,0,0,0,"- ","- ",39.105808258056641,-121.57993316650391,YUBA,UNINCORPORATED,-121.5799560546875,39.105884552001953
91738031,2022,2022-03-31,9285,2022-03-23,1903,018986,,3,2,9,5800,0,2,4,,1,041,"NORTH BEALE RD","PARK AVE",200.00,W,N,A,-,N,,,,,,,,,,Y,2,0,3,2,A,-,03,22350,,N,C,C,A,A,H,-,A,D,0,,,,,Y,,-,"- ",1,0,2,0,0,0,0,0,0,"- ","- ",39.127609252929688,-121.55941772460938,YUBA,UNINCORPORATED,-121.5592041015625,39.127544403076172
91755486,2022,2022-04-25,9285,2022-04-18,1945,019085,,1,2,9,5800,0,1,3,,1,020,"SR 70 SOUTHBOUND TO PLUMAS LAKE BLVD OFF RAMP","PLUMAS LAKE BLVD",311.00,N,N,B,-,Y,,,,,,,,,,Y,2,0,1,1,A,-,08,22107,,N,E,A,A,A,H,-,A,D,0,,,,,Y,,A,01,1,0,0,0,0,0,0,0,0,"- ","- ",39.022541046142578,-121.54876708984375,YUBA,UNINCORPORATED,-121.54714965820312,39.022621154785156
9175675,2020,2020-12-08,5801,2020-10-23,1840,321,5801,5,5,3,5801,0,0,0,,0,,"6TH ST","HIGH ST",0.00,,Y,A,-,N,,,,,,,,,,N,2,0,1,2,A,-,12,22450,,N,D,C,A,A,H,-,C,A,0,,,,,Y,,M,94,1,0,0,0,0,0,0,0,0,"- ","- ",,,YUBA,MARYSVILLE,-121.58989715576172,39.141368865966797
91769716,2022,2022-12-16,9285,2022-03-27,2130,019223,,7,2,9,5800,0,3,5,,1,002,"GEORGE AVE","MCGOWAN PKWY",1188.00,S,N,A,-,N,,,,,,,,,,N,1,1,0,2,A,-,01,23152,A,N,C,G,A,A,H,-,C,D,0,,Y,,,Y,Y,A,01,0,0,0,0,0,1,0,0,0,"- ","- ",39.073940277099609,-121.54470825195312,YUBA,UNINCORPORATED,-121.54462432861328,39.073989868164062
91777738,2022,2022-06-23,9285,2022-05-09,1813,018986,,1,2,9,5800,0,2,4,,1,061,"LOMA RICA ROAD","LONE TREE WAY",1087.00,N,N,C,-,N,,,,,,,,,,Y,2,0,3,2,A,-,05,21460,A,N,A,C,A,B,H,-,A,D,0,,,,,Y,,A,07,2,1,0,0,0,0,0,0,0,"- ","- ",39.327068328857422,-121.388671875,YUBA,UNINCORPORATED,-121.38864898681641,39.327022552490234
91778242,2022,2022-05-23,9285,2022-05-13,2130,020224,,5,2,9,5800,0,3,5,,1,001,"40 MILE RD","PLUMAS ARBOGA RD",7392.00,N,N,A,-,N,,,,,,,,,,Y,2,0,1,2,A,-,09,21801,A,N,D,C,A,A,H,-,D,D,0,,,Y,,Y,,A,01,1,0,0,0,0,0,0,0,1,"- ","- ",39.050628662109375,-121.51502990722656,YUBA,UNINCORPORATED,,
91780568,2022,2022-05-25,9285,2022-05-11,2329,021012,,3,3,9,5800,0,2,4,,1,022,"LINDHURST AVE","TULIP RD",512.00,N,N,A,-,N,,,,,,,,,,Y,1,1,0,1,A,-,08,22107,,N,E,I,A,A,H,-,C,D,0,,,,,Y,,A,01,0,0,0,0,0,0,0,0,0,"- ","- ",39.106361389160156,-121.55225372314453,YUBA,UNINCORPORATED,-121.55217742919922,39.106296539306641
91786255,2022,2022-06-01,9285,2022-05-21,2250,020119,,6,3,9,5800,0,3,5,,1,008,"VIERRA RD.","LA PORTE RD.",4000.00,S,N,A,-,N,,,,,,,,,,N,2,0,1,1,A,-,03,22350,,N,F,I,A,A,H,-,C,D,0,,,Y,,Y,,C,06,1,0,0,0,0,0,0,0,1,"- ","- ",39.428840637207031,-121.35359954833984,YUBA,UNINCORPORATED,-121.31974792480469,39.433856964111328
91813127,2022,2022-07-08,9285,2022-06-30,0211,021025,,4,3,9,5800,0,3,5,,1,002,"FORTY MILE RD","ROSSER RD",1375.00,S,N,A,-,N,,,,,,,,,,N,2,0,1,2,A,-,11,21954,A,F,G,B,E,A,H,-,D,D,0,Y,,,,Y,,N,60,1,0,0,0,1,0,0,0,0,"- ","- ",39.058818817138672,-121.51513671875,YUBA,UNINCORPORATED,-121.51512908935547,39.058933258056641
91814524,2022,2022-07-11,9285,2022-06-28,1023,018291,,2,1,9,5800,0,1,3,,1,060,SR-70,"BETTENCOURT LN.",400.00,S,N,A,-,Y,YUB,,70,,,19.129,H,,R,Y,2,0,3,1,A,-,01,23152,F,N,E,I,A,A,H,-,A,D,0,,,,,Y,,A,01,2,1,0,0,0,0,0,0,0,"- ","- ",39.211509704589844,-121.59790802001953,YUBA,UNINCORPORATED,-121.59788513183594,39.211517333984375
91835509,2022,2022-08-08,9285,2022-07-30,1610,020507,,6,2,9,5800,0,2,4,,2,081,"MARYSVILLE ROAD","OLD DOBBINS ROAD",0.00,,Y,A,-,N,,,,,,,,,,Y,2,0,4,2,A,-,01,23152,A,F,A,C,A,A,H,-,A,D,0,,,,,Y,Y,D,22,1,1,2,0,0,0,0,0,0,"- ","- ",39.379348754882812,-121.2135009765625,YUBA,UNINCORPORATED,-121.21347808837891,39.379310607910156
91836403,2022,2022-09-29,9285,2022-07-21,1424,019223,,4,2,9,5800,0,2,4,,1,042,"HAMMONTON SMARTSVILLE RD","BRYDEN RD",1869.00,E,N,A,-,N,,,,,,,,,,Y,2,0,1,3,A,-,03,22350,,N,D,C,A,A,H,-,A,D,0,,,Y,Y,Y,,C,02,1,0,0,0,0,0,0,0,1,"- ","- ",39.147281646728516,-121.49887084960938,YUBA,UNINCORPORATED,-121.49889373779297,39.147266387939453
91837082,2022,2022-08-10,9285,2022-07-31,0010,020096,,7,3,9,5800,0,2,4,,1,022,"ARBOGA RD","KAY STREET",69.00,S,N,A,-,N,,,,,,,,,,Y,2,0,1,2,A,-,01,23152,G,N,B,C,A,A,H,-,C,D,0,,,Y,,Y,Y,C,02,1,0,0,0,0,0,0,0,1,"- ","- ",39.121959686279297,-121.57720947265625,YUBA,UNINCORPORATED,-121.57730865478516,39.121955871582031
91844376,2022,2022-08-19,9285,2022-08-11,1100,020379,,4,1,9,5800,0,1,3,,1,062,"SR-20 W/B","WOODRUFF LANE",0.00,,Y,A,-,Y,YUB,,20,,R,7.764,H,,L,Y,2,0,3,2,A,-,09,21802,A,N,D,C,A,A,H,-,A,A,0,,,,Y,Y,,E,22,2,1,0,0,0,0,0,0,0,"- ","- ",39.213268280029297,-121.51286315917969,YUBA,UNINCORPORATED,-121.51291656494141,39.21331787109375
91850907,2022,2022-08-26,9285,2022-08-21,1915,022294,,7,2,9,5800,0,3,5,,1,002,"600 BROADWAY ST","LEVEE RD",1584.00,W,N,A,-,N,,,,,,,,,,N,2,0,3,1,A,-,08,22107,,N,F,A,A,B,G,-,A,D,0,,,Y,,Y,,C,06,1,0,2,0,0,0,0,0,3,"- ","- ",39.048919677734375,-121.60788726806641,YUBA,UNINCORPORATED,,
91855499,2022,2022-09-01,9285,2022-08-22,2035,020507,,1,2,9,5800,0,2,4,,1,041,"NORTH BEALE ROAD","FEATHER RIVER BOULEVARD",0.00,,Y,A,-,N,,,,,,,,,,N,2,0,1,2,A,-,09,21801,A,N,D,C,A,A,H,-,C,A,0,,,Y,,Y,,A,01,1,0,0,0,0,0,0,0,1,"- ","- ",39.125701904296875,-121.57579040527344,YUBA,UNINCORPORATED,-121.57575988769531,39.125690460205078
91856459,2022,2022-09-02,9285,2022-09-01,0730,018632,,4,1,9,5800,0,2,4,,1,041,"N. BEALE ROAD","ALPINE WAY",0.00,,Y,A,-,N,,,,,,,,,,N,2,0,1,2,A,-,05,21650,,N,G,G,A,A,H,-,A,D,0,,Y,,,Y,,L,04,1,0,0,0,0,0,1,0,0,"- ","- ",39.127689361572266,-121.5570068359375,YUBA,UNINCORPORATED,-121.55682373046875,39.127609252929688
91858681,2022,2022-09-07,9285,2022-08-27,1700,020507,,6,2,9,5800,0,2,4,,1,042,"HAMMONTON SMARTVILLE ROAD","BRYDEN ROAD",1171.00,W,N,A,-,N,,,,,,,,,,Y,2,0,1,2,A,-,03,22350,,N,C,C,A,A,H,-,A,D,0,,,Y,,Y,,C,02,1,0,0,0,0,0,0,0,1,"- ","- ",39.143699645996094,-121.50865936279297,YUBA,UNINCORPORATED,-121.50860595703125,39.143749237060547
91858718,2022,2022-09-07,9285,2022-08-29,1610,020507,,1,2,9,5800,0,3,5,,1,004,"3007 ERLE ROAD","GRIFFITH AVENUE",5748.00,E,N,A,-,N,,,,,,,,,,N,2,0,1,1,A,-,08,22107,,N,E,I,A,A,H,-,A,D,0,,,Y,,Y,,C,02,1,0,0,0,0,0,0,0,1,"- ","- ",39.1083984375,-121.50476837158203,YUBA,UNINCORPORATED,-121.50514221191406,39.108860015869141
9187155,2020,2020-12-31,5802,2020-11-10,1948,1011,5802,2,5,1,5802,0,0,0,,0,,"RT 65","1ST ST",5.00,N,N,A,-,Y,YUB,3,65,-,-,0.920,H,-,S,Y,2,0,5,2,A,-,05,21650,,N,A,D,A,A,H,-,C,A,0,,,,,Y,,I,11,1,3,1,0,0,0,0,0,0,"- ","- ",,,YUBA,WHEATLAND,-121.54037475585938,39.090908050537109