CASE_ID,ACCIDENT_YEAR,PROC_DATE,JURIS,COLLISION_DATE,COLLISION_TIME,OFFICER_ID,REPORTING_DISTRICT,DAY_OF_WEEK,CHP_SHIFT,POPULATION,CNTY_CITY_LOC,SPECIAL_COND,BEAT_TYPE,CHP_BEAT_TYPE,CITY_DIVISION_LAPD,CHP_BEAT_CLASS,BEAT_NUMBER,PRIMARY_RD,SECONDARY_RD,DISTANCE,DIRECTION,INTERSECTION,WEATHER_1,WEATHER_2,STATE_HWY_IND,CALTRANS_COUNTY,CALTRANS_DISTRICT,STATE_ROUTE,ROUTE_SUFFIX,POSTMILE_PREFIX,POSTMILE,LOCATION_TYPE,RAMP_INTERSECTION,SIDE_OF_HWY,TOW_AWAY,COLLISION_SEVERITY,NUMBER_KILLED,NUMBER_INJURED,PARTY_COUNT,PRIMARY_COLL_FACTOR,PCF_CODE_OF_VIOL,PCF_VIOL_CATEGORY,PCF_VIOLATION,PCF_VIOL_SUBSECTION,HIT_AND_RUN,TYPE_OF_COLLISION,MVIW,PED_ACTION,ROAD_SURFACE,ROAD_COND_1,ROAD_COND_2,LIGHTING,CONTROL_DEVICE,CHP_ROAD_TYPE,PEDESTRIAN_ACCIDENT,BICYCLE_ACCIDENT,MOTORCYCLE_ACCIDENT,TRUCK_ACCIDENT,NOT_PRIVATE_PROPERTY,ALCOHOL_INVOLVED,STWD_VEHTYPE_AT_FAULT,CHP_VEHTYPE_AT_FAULT,COUNT_SEVERE_INJ,COUNT_VISIBLE_INJ,COUNT_COMPLAINT_PAIN,COUNT_PED_KILLED,COUNT_PED_INJURED,COUNT_BICYCLIST_KILLED,COUNT_BICYCLIST_INJURED,COUNT_MC_KILLED,COUNT_MC_INJURED,PRIMARY_RAMP,SECONDARY_RAMP,LATITUDE,LONGITUDE,COUNTY,CITY,POINT_X,POINT_Y
91872695,2022,2022-09-26,9285,2022-08-22,2259,021154,,1,3,9,5800,0,3,5,,1,004,"GRIFFITH AVENUE (6000 BLOCK)","NORTH BEALE ROAD",911.00,N,N,A,-,N,,,,,,,,,,Y,1,1,1,2,A,-,03,22350,,N,G,B,E,A,H,-,D,D,0,Y,,,,Y,,A,07,1,0,0,1,0,0,0,0,0,"- ","- ",39.13079833984375,-121.52365112304688,YUBA,UNINCORPORATED,-121.52362823486328,39.130729675292969
91883769,2022,2022-10-06,9285,2022-09-25,1300,020070,,7,1,9,5800,0,2,4,,2,082,"LA PORTE RD","WOODLEAF TUNNEL RD",0.00,,Y,A,-,N,,,,,,,,,,N,2,0,2,1,A,-,08,22107,,N,F,A,A,A,H,-,A,D,0,,,Y,,Y,,C,02,1,1,0,0,0,0,0,0,2,"- ","- ",39.521411895751953,-121.18990325927734,YUBA,UNINCORPORATED,-121.18994903564453,39.521358489990234
91897531,2022,2022-10-24,9285,2022-10-09,1920,022294,,7,2,9,5800,0,2,4,,1,041,"N. BEALE RD","FEATHER RIVER BLVD",600.00,N,N,A,-,N,,,,,,,,,,N,2,0,1,2,A,-,11,21950,B,N,G,B,D,A,H,-,D,D,0,Y,,,,Y,,N,60,1,0,0,0,1,0,0,0,0,"- ","- ",39.126480102539062,-121.5782470703125,YUBA,UNINCORPORATED,-121.57776641845703,39.126186370849609
91897792,2021,2022-10-24,9285,2021-03-25,1805,018561,,4,2,9,5800,0,2,4,,2,021,"FEATHER RIVER BLVD","ELLA AVE",310.00,S,N,A,-,N,,,,,,,,,,Y,1,1,1,1,A,-,08,22107,,N,E,I,A,A,H,-,A,D,0,,,,,Y,,A,07,1,0,0,0,0,0,0,0,0,"- ","- ",39.068691253662109,-121.57894897460938,YUBA,UNINCORPORATED,-121.57897186279297,39.068489074707031
91907860,2022,2022-11-02,9285,2022-10-25,1525,022294,,2,2,9,5800,0,2,4,,2,025,SR-65,"MCGOWAN PARKWAY",3168.00,N,N,A,-,Y,,,,,,,,,,Y,2,0,1,3,A,-,17,22109,,F,A,C,A,A,H,-,A,D,0,,,,,Y,,A,07,1,0,0,0,0,0,0,0,0,"- ","- ",39.080249786376953,-121.53497314453125,YUBA,UNINCORPORATED,-121.52822113037109,39.078319549560547
91910715,2022,2022-11-07,9285,2022-09-23,2343,022125,,5,3,9,5800,0,3,5,,1,008,"QUNCY LA PORTE RD","NEW YORK FLAT RD",184.00,E,N,A,-,N,,,,,,,,,,Y,1,1,1,1,A,-,08,22107,,N,E,I,A,A,H,-,D,D,0,,,,,Y,,A,07,0,1,0,0,0,0,0,0,0,"- ","- ",39.477489471435547,-121.25665283203125,YUBA,UNINCORPORATED,-121.25684356689453,39.477500915527344
9191666,2020,2021-02-05,5802,2020-11-24,2341,7000,,2,5,1,5802,0,0,0,,0,,"HOOPER ST","RT 65",25.00,E,N,A,-,Y,YUB,3,65,-,-,1.140,H,-,S,Y,2,0,1,1,A,-,03,22350,,N,E,I,A,A,H,-,C,D,0,,,,,Y,,A,01,1,0,0,0,0,0,0,0,0,"- ","- ",,,YUBA,WHEATLAND,-121.54036712646484,39.090904235839844
91920162,2022,2022-11-17,9285,2022-11-04,1915,022094,,5,2,9,5800,0,3,5,,1,002,"FEATHER RIVER BOULEVARD",CR-512,1056.00,W,N,A,-,N,,,,,,,,,,Y,2,0,1,1,A,-,01,23152,A,N,F,I,A,A,H,-,D,D,0,,,,,Y,Y,D,22,1,0,0,0,0,0,0,0,0,"- ","- ",38.971179962158203,-121.56336212158203,YUBA,UNINCORPORATED,-121.55928802490234,38.971210479736328
91921312,2022,2022-12-07,9285,2022-11-15,2341,020520,,2,3,9,5800,0,3,5,,1,002,"ALICIA AVE","JAY ST",191.00,E,N,A,-,N,,,,,,,,,,Y,2,0,2,1,A,-,01,23152,F,N,E,I,A,A,H,-,D,D,0,,,,,Y,,A,01,1,1,0,0,0,0,0,0,0,"- ","- ",39.117820739746094,-121.57846832275391,YUBA,UNINCORPORATED,-121.57839202880859,39.117877960205078
91943203,2022,2022-12-15,9285,2022-12-06,2155,019223,,2,2,9,5800,0,3,5,,1,006,"RAMIREZ RD","TANABE RD",27.00,N,N,B,-,N,,,,,,,,,,Y,2,0,1,1,A,-,01,23152,A,N,E,I,A,A,H,-,D,D,0,,,,,Y,Y,A,01,1,0,0,0,0,0,0,0,0,"- ","- ",39.265300750732422,-121.52976226806641,YUBA,UNINCORPORATED,-121.52972412109375,39.265388488769531
91971079,2023,2023-01-18,9285,2023-01-08,1515,021690,,7,2,9,5800,0,3,5,,1,002,"LEVEE RD.","COUNTRY CLUB RD",480.00,N,N,C,-,N,,,,,,,,,,Y,2,0,1,1,A,-,03,22350,,N,F,A,A,B,A,F,E,D,0,,,Y,,Y,,C,06,1,0,0,0,0,0,0,0,1,"- ","- ",39.034538269042969,-121.60096740722656,YUBA,UNINCORPORATED,-121.60142517089844,39.034343719482422
91975018,2023,2023-01-23,9285,2023-01-14,"100 ",021012,,6,3,9,5800,0,1,3,,1,062,SR-20,"WALNUT AVE",2693.00,E,N,C,-,Y,YUB,,20," ",R,5.719,H,,R,N,2,0,1,1,A,-,08,22107,,N,E,I,A,B,H,-,D,D,0,,,,,Y,,A,01,1,0,0,0,0,0,0,0,0,"- ","- ",39.191558837890625,-121.53533935546875,YUBA,UNINCORPORATED,-121.53528594970703,39.191505432128906
91978052,2023,2023-01-26,9285,2023-01-13,1424,021154,,5,2,9,5800,0,2,4,,2,025,"STATE ROUTE 65","OAKLEY LANE",679.00,N,N,C,-,Y,YUB,,65," "," ",3.593,H,,R,Y,1,1,1,2,A,-,05,21460,A,N,A,C,A,B,H,-,A,D,0,,,,,Y,,A,01,1,0,0,0,0,0,0,0,0,"- ","- ",39.035831451416016,-121.464599609375,YUBA,UNINCORPORATED,-121.46458435058594,39.035846710205078
92005140,2023,2023-02-28,9285,2023-02-05,"141 ",021012,,7,3,9,5800,0,1,3,,1,062,SR-20,"WOODRUFF LN",1056.00,W,N,A,-,Y,YUB,,20," ",R,7.560,H,,R,Y,2,0,2,1,A,-,01,23152,A,N,E,I,A,B,H,-,C,D,0,,,,,Y,Y,A,01,2,0,0,0,0,0,0,0,0,"- ","- ",39.210700988769531,-121.51454162597656,YUBA,UNINCORPORATED,-121.51461029052734,39.210712432861328
92013506,2023,2023-03-09,9285,2023-03-02,"110 ",021012,,4,3,9,5800,0,1,3,,1,020,SR-70,"OLIVEHURST AVE",883.00,S,N,A,-,Y,YUB,,70," ",R,9.109,H,,R,Y,2,0,1,2,A,-,01,23152,A,N,A,C,A,A,H,-,C,D,0,,,,,Y,Y,A,01,1,0,0,0,0,0,0,0,0,"- ","- ",39.100959777832031,-121.54811859130859,YUBA,UNINCORPORATED,-121.54803466796875,39.101036071777344
92014767,2023,2023-03-10,9285,2023-02-06,"439 ",022125,,1,3,9,5800,0,3,5,,1,002,"FORTY MILE RD","ROSSER RD",2640.00,W,N,A,-,N,,,,,,,,,,N,1,1,0,2,A,-,11,21954,A,F,G,B,E,A,H,-,D,D,0,Y,,,,Y,,N,60,0,0,0,1,0,0,0,0,0,"- ","- ",39.0560302734375,-121.51528930664062,YUBA,UNINCORPORATED,-121.51506805419922,39.062709808349609
92030582,2023,2023-03-28,9285,2023-02-08,"110 ",020520,,3,3,9,5800,0,1,3,,1,060,"SR-70 S/B","SPARROW LANE",582.00,N,N,A,-,Y,YUB,,70," "," ",24.500,H,,L,Y,1,1,1,1,A,-,08,22107,,N,E,8,A,A,D,-,D,D,0,,,,,Y,Y,D,22,0,1,0,0,0,0,0,0,0,"- ","- ",39.287689208984375,-121.59465789794922,YUBA,UNINCORPORATED,-121.59458160400391,39.287693023681641
92048597,2023,2023-04-19,9285,2023-04-07,1255,020070,,5,1,9,5800,0,1,3,,1,020,"SR-70 NORTHBOUND","1ST STREET",1200.00,S,N,B,-,Y,YUB,,70," "," ",13.848,H,,R,Y,2,0,5,4,A,-,03,22350,,N,C,C,A,B,H,-,A,D,0,,,,,Y,,A,07,3,0,2,0,0,0,0,0,0,"- ","- ",39.132511138916016,-121.58853149414062,YUBA,UNINCORPORATED,-121.58859252929688,39.132488250732422
92049597,2023,2023-04-20,9285,2023-04-08,"330 ",022094,,6,3,9,5800,0,2,4,,2,081,"CR-21 NORTHBOUND","SKYGLEN DRIVE",5280.00,N,N,A,-,N,,,,,,,,,,Y,2,0,1,1,A,-,01,23152,A,N,F,A,A,A,H,-,D,D,0,,,,,Y,Y,A,01,1,0,0,0,0,0,0,0,0,"- ","- ",39.394218444824219,-121.31517028808594,YUBA,UNINCORPORATED,-121.31585693359375,39.392646789550781
92052152,2023,2023-04-24,9285,2023-04-18,"955 ",018876,,2,1,9,5800,0,3,5,,1,002,SR-70,"FEATHER RIVER BLVD",3360.00,N,N,A,-,Y,YUB,,70," "," ",13.659,H,,R,Y,2,0,1,2,A,-,03,22350,,N,C,C,A,A,H,-,A,D,0,,,Y,,Y,,C,02,1,0,0,0,0,0,0,0,1,"- ","- ",39.130321502685547,-121.58648681640625,YUBA,UNINCORPORATED,-121.58650970458984,39.130306243896484
92083895,2023,2023-07-12,9285,2023-05-12,2500,018876,,5,4,9,5800,0,3,5,,1,002,"FORTY MILE RD","ROSSER ROAD",661.00,S,N,A,-,N,,,,,,,,,,N,1,1,0,2,A,-,08,22107,,F,G,B,E,A,H,-,C,D,0,Y,,,,Y,,-,99,0,0,0,1,0,0,0,0,0,"- ","- ",39.060749053955078,-121.51503753662109,YUBA,UNINCORPORATED,-121.51512145996094,39.060894012451172
92090249,2023,2023-06-09,9285,2023-05-27,"750 ",018291,,6,1,9,5800,0,3,5,,1,002,"FORTY MILE ROAD","HOFFMAN PLUMAS ROAD",565.00,S,N,A,-,N,,,,,,,,,,Y,1,1,2,2,A,-,05,21650,,N,A,C,A,A,H,-,A,D,0,,,,,Y,,A,01,1,1,0,0,0,0,0,0,0,"- ","- ",38.995571136474609,-121.49095153808594,YUBA,UNINCORPORATED,-121.51393890380859,39.027446746826172
92100201,2023,2023-06-22,9285,2023-06-18,1252,018986,,7,1,9,5800,0,2,4,,2,081,"MARYSVILLE ROAD","OLD DOBBINS ROAD",0.00,,Y,A,-,N,,,,,,,,,,N,2,0,2,2,A,-,09,21802,A,N,D,C,A,A,H,-,A,A,0,,,Y,,Y,,A,01,1,0,1,0,0,0,0,0,1,"- ","- ",39.374568939208984,-121.20523834228516,YUBA,UNINCORPORATED,-121.21347808837891,39.379310607910156
92138796,2023,2023-08-08,9285,2023-07-25,2045,021154,,2,2,9,5800,0,3,5,,1,002,"CHESTNUT RD","2ND AVE",0.00,,Y,A,-,N,,,,,,,,,,N,2,0,1,2,A,-,08,22107,,F,H,G,A,A,H,-,D,A,0,,Y,,,Y,,A,01,1,0,0,0,0,0,1,0,0,"- ","- ",39.104358673095703,-121.55310821533203,YUBA,UNINCORPORATED,-121.55306243896484,39.104404449462891
92146781,2023,2023-08-17,9285,2023-08-15,2225,021567,,2,3,9,5800,0,1,3,,1,062,SR-20,"MARYSVILLE RD",0.00,,Y,A,-,Y,YUB,,20," "," ",13.272,H,,R,Y,2,0,1,2,A,-,09,21802,A,N,D,2,A,A,H,-,C,A,0,,,,,Y,,D,22,1,0,0,0,0,0,0,0,0,"- ","- ",39.227909088134766,-121.41397094726562,YUBA,UNINCORPORATED,-121.41397094726562,39.227909088134766
92148872,2023,2023-08-21,9285,2023-08-09,"655 ",017393,,3,1,9,5800,0,1,3,,1,062,SR-20,"MOONEY FLAT ROAD",781.00,W,N,A,-,Y,YUB,,20," ",R,21.393,H,,R,Y,2,0,1,2,A,-,03,22350,,N,C,C,A,A,H,-,A,D,0,,,,Y,Y,,A,01,1,0,0,0,0,0,0,0,0,"- ","- ",39.203388214111328,-121.28143310546875,YUBA,UNINCORPORATED,-121.28140258789062,39.203330993652344
92180299,2023,2023-09-26,9285,2023-09-20,1020,020070,,3,1,9,5800,0,2,4,,1,061,"LOMA RICA ROAD","COUNTY ROAD 276",1350.00,S,N,A,-,N,,,,,,,,,,Y,2,0,1,1,A,-,08,22107,,N,E,8,A,A,H,-,A,D,0,,,,,Y,,-,"- ",1,0,0,0,0,0,0,0,0,"- ","- ",39.280429840087891,-121.47698974609375,YUBA,UNINCORPORATED,-121.47702789306641,39.2803955078125
92197457,2023,2023-10-12,9285,2023-10-10,"730 ",019085,,2,1,9,5800,0,3,5,,1,006,"WOODRUFF LN","ARMSTRONG RD",1795.00,E,N,B,-,N,,,,,,,,,,Y,2,0,1,1,A,-,03,22350,,N,F,A,A,A,H,-,A,A,0,,,,,Y,,A,07,1,0,0,0,0,0,0,0,0,"- ","- ",39.219749450683594,-121.578857421875,YUBA,UNINCORPORATED,-121.57937622070312,39.219703674316406
92202113,2023,2023-10-18,9285,2023-10-05,"145 ",021690,,4,3,9,5800,0,3,5,,1,006,"JACK SLOUGH RD","KIMBALL LN",1120.00,S,N,A,-,N,,,,,,,,,,Y,2,0,1,1,A,-,03,22350,,N,E,I,A,A,H,-,D,D,0,,,Y,,Y,,C,02,1,0,0,0,0,0,0,0,1,"- ","- ",39.176628112792969,-121.57286834716797,YUBA,UNINCORPORATED,-121.5728759765625,39.176658630371094
92208680,2023,2023-10-25,9285,2023-10-19,1858,020520,,4,2,9,5800,0,2,4,,2,021,"FEATHER RIVER BLVD","MURPHY RD",476.00,N,N,A,-,N,,,,,,,,,,Y,2,0,2,2,A,-,01,23152,G,N,A,C,A,A,H,-,D,D,0,,,,,Y,Y,A,07,2,0,0,0,0,0,0,0,0,"- ","- ",39.077930450439453,-121.57891845703125,YUBA,UNINCORPORATED,-121.57884216308594,39.077907562255859
92223174,2023,2023-10-31,9285,2023-10-22,1700,021567,,7,2,9,5800,0,3,5,,1,002,"FEATHER RIVER BLVD","ALGODON RD",10560.00,S,N,B,C,N,,,,,,,,,,Y,2,0,1,1,A,-,08,22107,,N,E,I,A,B,H,-,B,D,0,,,,,Y,,A,01,1,0,0,0,0,0,0,0,0,"- ","- ",38.978229522705078,-121.57344818115234,YUBA,UNINCORPORATED,-121.57420349121094,38.978313446044922
92229090,2023,2023-11-06,9230,2023-10-24,"910 ",019235,,2,1,9,5800,0,1,3,,1,081,SR49,"MILL ST",5808.00,N,N,A,-,Y,YUB,,49," "," ",6.511,H,,R,N,2,0,1,3,A,-,21,22106,,N,H,4,E,A,D,-,A,D,0,Y,,,,Y,,D,22,1,0,0,0,1,0,0,0,0,"- ","- ",39.465679168701172,-121.04817962646484,YUBA,UNINCORPORATED,-121.04813385009766,39.465660095214844
92229916,2023,2023-11-07,9285,2023-10-29,"650 ",019223,,7,1,9,5800,0,1,3,,1,020,"SR-70 N/B","MCGOWAN PKWY",2907.00,N,N,A,-,Y,YUB,,70," ",R,7.900,H,,R,Y,2,0,1,1,A,-,08,22107,,N,E,I,A,A,H,-,D,D,0,,,,,Y,,A,01,1,0,0,0,0,0,0,0,0,"- ","- ",39.085361480712891,-121.54161834716797,YUBA,UNINCORPORATED,-121.54165649414062,39.085361480712891
92233497,2023,2023-11-13,9285,2023-11-02,"650 ",017393,,4,1,9,5800,0,2,4,,2,081,"MARYSVILLE ROAD","TEXAS HILL ROAD",215.00,E,N,A,-,N,,,,,,,,,,Y,2,0,1,2,C,-,18,,,N,E,H,A,A,H,-,D,D,0,,,,,Y,,-,"- ",1,0,0,0,0,0,0,0,0,"- ","- ",39.363731384277344,-121.2518310546875,YUBA,UNINCORPORATED,-121.251708984375,39.363746643066406
92253305,2023,2024-05-21,9285,2023-11-25,1310,020070,,6,1,9,5800,0,1,3,,1,060,"STATE ROUTE 70","SADDLEBACK DRIVE",0.00,,Y,A,-,Y,YUB,,70," "," ",17.589,H,,R,Y,1,1,0,1,A,-,03,22350,,N,F,A,A,A,D,-,A,D,0,,,Y,,Y,,C,02,0,0,0,0,0,0,0,1,0,"- ","- ",39.189449310302734,-121.59449768066406,YUBA,UNINCORPORATED,-121.59454345703125,39.189441680908203
92255913,2023,2023-12-07,9285,2023-12-03,"944 ",021328,,7,1,9,5800,0,3,5,,1,002,"SPENCEVILLE RD","BOYD LN",5045.00,E,N,B,-,N,,,,,,,,,,Y,2,0,2,2,A,-,08,22107,,N,A,C,A,A,H,-,A,D,0,,,,,Y,,A,01,1,1,0,0,0,0,0,0,0,"- ","- ",39.038860321044922,-121.38604736328125,YUBA,UNINCORPORATED,-121.38600921630859,39.038887023925781
92258390,2023,2023-12-11,9285,2023-12-04,1355,022294,,1,1,9,5800,0,3,5,,1,004,"SPENCEVILLE RD","LONG RAVINE RD",3854.00,N,N,A,-,N,,,,,,,,,,Y,2,0,1,2,A,-,03,22350,,N,B,C,A,A,B,-,A,D,0,,,Y,,Y,,D,22,1,0,0,0,0,0,0,0,1,"- ","- ",39.107040405273438,-121.28959655761719,YUBA,UNINCORPORATED,,
92259741,2023,2023-12-12,9285,2023-12-07,1805,022294,,4,2,9,5800,0,2,4,,2,021,"FEATHER RIVER BLVD","ARBOGA RD",220.00,E,N,A,-,N,,,,,,,,,,N,2,0,1,2,A,-,03,22350,,N,C,G,A,A,H,-,C,D,0,,Y,,,Y,,A,01,1,0,0,0,0,0,1,0,0,"- ","- ",39.122440338134766,-121.57932281494141,YUBA,UNINCORPORATED,-121.57827758789062,39.123420715332031
92268428,2023,2023-12-21,9285,2023-12-19,1852,022320,,2,2,9,5800,0,2,4,,2,025,"STATE ROUTE 65","FORTY MILE ROAD",2112.00,S,N,C,-,Y,YUB,,65," ",R,6.469,H,,R,N,2,0,1,2,C,-,18,,,N,G,B,E,B,H,-,D,D,0,Y,,,,Y,,-,"- ",1,0,0,0,1,0,0,0,0,"- ","- ",39.061199188232422,-121.50821685791016,YUBA,UNINCORPORATED,-121.50822448730469,39.061195373535156
92269214,2023,2023-12-22,9285,2023-11-03,2149,020520,,5,2,9,5800,0,2,4,,2,021,"FEATHER RIVER BOULEVARD","MYRNA AVENUE",1690.00,S,N,A,-,N,,,,,,,,,,Y,1,1,0,2,A,-,11,21954,A,N,G,B,D,A,H,-,D,D,0,Y,,,,Y,,N,60,0,0,0,1,0,0,0,0,0,"- ","- ",39.0968017578125,-121.57893371582031,YUBA,UNINCORPORATED,-121.57882690429688,39.096885681152344
92272055,2023,2023-12-27,9285,2023-12-19,1850,022320,,2,2,9,5800,0,2,4,,2,025,"STATE ROUTE 65",FORTYMILE,1056.00,S,N,C,-,Y,YUB,,65," ",R,6.462,H,,R,Y,2,0,2,2,A,-,03,22350,,N,C,C,A,B,H,-,D,D,0,,,Y,,Y,,D,22,1,1,0,0,0,0,0,0,2,"- ","- ",39.061149597167969,-121.50811767578125,YUBA,UNINCORPORATED,-121.50814056396484,39.061134338378906
9229759,2021,2021-03-27,5801,2021-02-09,2500,328,,2,5,3,5801,0,0,0,,0,,"J ST","LIGHT POLE 459",0.00,,Y,A,-,N,,,,,,,,,,Y,2,0,1,1,A,-,00,22650,,N,G,E,A,A,H,-,A,D,0,,,,,Y,,A,01,1,0,0,0,0,0,0,0,0,"- ","- ",,,YUBA,MARYSVILLE,,
92299941,2024,2024-01-29,9285,2024-01-19,1745,022534,,5,2,9,5800,0,3,5,,1,002,"MCGOWAN PARKWAY","DEATON DRIVE",0.00,,Y,C,-,N,,,,,,,,,,N,2,0,1,2,A,-,09,21801,A,F,D,C,A,B,H,-,C,A,0,,,Y,,Y,,A,01,1,0,0,0,0,0,0,0,1,"- ","- ",39.077121734619141,-121.54908752441406,YUBA,UNINCORPORATED,-121.54903411865234,39.077182769775391
92340863,2024,2024-03-18,9285,2024-02-24,2255,022250,,6,3,9,5800,0,1,3,,1,060,"NORTHBOUND SR-70","MAGNOLIA RD",2544.00,N,N,A,-,Y,YUB,,70," "," ",21.419,H,,R,N,1,1,0,2,A,-,11,21954,A,N,G,B,E,A,H,-,C,D,0,Y,,,,Y,,N,60,0,0,0,1,0,0,0,0,0,"- ","- ",39.243381500244141,-121.59973907470703,YUBA,UNINCORPORATED,-121.59976196289062,39.243381500244141
92346129,2024,2024-03-25,9285,2024-03-18,1938,022250,,1,2,9,5800,0,2,4,,1,041,"NORTH BEALE RD","PARK AVE",145.00,W,N,A,-,N,,,,,,,,,,N,2,0,1,2,A,-,09,21804,A,N,D,G,A,A,H,-,C,D,0,,Y,,,Y,,L,04,1,0,0,0,0,0,1,0,0,"- ","- ",39.127510070800781,-121.55927276611328,YUBA,UNINCORPORATED,-121.55901336669922,39.127548217773438
92348480,2024,2024-03-27,9285,2024-03-23,1750,022919,,6,2,9,5800,0,2,4,,2,025,"STATE ROUTE 65 SOUTHBOUND","OAKLEY LANE",157.00,S,N,B,F,Y,YUB,,65," "," ",3.423,H,,L,Y,2,0,2,3,B,-,22,,,N,C,C,A,B,G,-,A,D,0,,,,,Y,,J,48,1,1,0,0,0,0,0,0,0,"- ","- ",39.034168243408203,-121.46230316162109,YUBA,UNINCORPORATED,-121.46224212646484,39.034217834472656
92348781,2024,2024-03-27,9285,2024-03-21,1742,022534,,4,2,9,5800,0,1,3,,1,020,"SR-70 NORTHBOUND","FEATHER RIVER BOULEVARD",2660.00,S,N,B,-,Y,YUB,,70," ",R,10.884,H,,R,N,2,0,1,2,A,-,03,22350,,F,C,C,A,A,H,-,A,A,0,,,,,Y,,A,01,1,0,0,0,0,0,0,0,0,"- ","- ",39.119979858398438,-121.56958770751953,YUBA,UNINCORPORATED,-121.56957244873047,39.119998931884766
92375084,2024,2024-04-25,9285,2024-02-26,1950,021599,,1,2,9,5800,0,2,4,,2,021,"FEATHER RIVER BOULEVARD","CURTIS STREET",1584.00,N,N,A,-,N,,,,,,,,,,Y,1,1,2,4,A,-,01,23152,A,F,C,C,A,A,H,-,C,D,0,,,,,Y,Y,A,01,0,0,2,0,0,0,0,0,0,"- ","- ",39.085609436035156,-121.57888793945312,YUBA,UNINCORPORATED,-121.57884216308594,39.086410522460938
92399189,2024,2024-05-27,9285,2024-05-18,"425 ",022917,,6,3,9,5800,0,1,3,,1,060,SR-70,"BOYER RD",898.00,N,N,A,-,Y,YUB,,70," "," ",22.499,H,,R,Y,2,0,1,2,A,-,08,22107,,N,A,C,A,A,H,-,D,D,0,,,,,Y,Y,A,07,1,0,0,0,0,0,0,0,0,"- ","- ",39.258941650390625,-121.59848022460938,YUBA,UNINCORPORATED,-121.59830474853516,39.258922576904297
92433767,2024,2024-07-09,9285,2024-06-20,"30  ",021599,,4,3,9,5800,0,3,5,,1,004,"GOLDFIELDS PARKWAY","ERLE ROAD",28.00,S,N,A,-,N,,,,,,,,,,Y,2,0,2,1,A,-,01,23152,A,N,E,I,A,A,H,-,C,A,0,,,,,Y,Y,A,07,2,0,0,0,0,0,0,0,0,"- ","- ",39.113639831542969,-121.53421020507812,YUBA,UNINCORPORATED,-121.5340576171875,39.113719940185547
92437606,2024,2024-08-14,9285,2024-07-04,1540,018291,,4,2,9,5800,0,3,5,,1,004,"AVONDALE AVE.","N. BEALE RD.",0.00,,Y,A,-,Y,,,,,,,,,,Y,2,0,3,2,A,-,09,21802,A,N,D,C,A,A,H,-,A,A,0,,,,,Y,,A,01,1,2,0,0,0,0,0,0,0,"- ","- ",39.126110076904297,-121.56719970703125,YUBA,UNINCORPORATED,-121.56723022460938,39.126132965087891
92439145,2024,2024-07-15,9285,2024-07-07,1030,021690,,7,1,9,5800,0,3,5,,1,008,"LA PORTE RD","CHALLENGE CUT OFF RD",1100.00,S,N,A,-,N,,,,,,,,,,N,2,0,1,1,A,-,03,22350,,N,F,A,A,A,H,-,A,D,0,,,Y,,Y,,C,02,1,0,0,0,0,0,0,0,1,"- ","- ",39.481529235839844,-121.24810791015625,YUBA,UNINCORPORATED,-121.24176788330078,39.482894897460938
92439564,2024,2024-07-15,9285,2024-07-07,1643,021860,,7,2,9,5800,0,1,3,,1,020,"SR-70 S/B","FEATHER RIVER BOULEVARD",1500.00,N,N,A,-,Y,YUB,,70," ",R,0.698,H,,L,Y,2,0,1,1,A,-,01,23152,A,N,E,I,A,A,H,-,A,D,0,,,,,Y,Y,D,22,1,0,0,0,0,0,0,0,0,"- ","- ",38.982688903808594,-121.54332733154297,YUBA,UNINCORPORATED,-121.54325103759766,38.982688903808594
9321133,2023,2023-03-01,5801,2023-01-14,1916,,"YUBA ",6,5,3,5801,0,0,0,,0,,RT-70,"E. 18TH ST",468.00,N,N,C,G,Y,YUB,3,70,-,-,15.250,H,-,W,N,1,1,1,3,A,-,03,22350,,F,B,B,E,B,H,-,D,A,0,Y,,,Y,Y,,F,26,1,0,0,1,1,0,0,0,0,"- ","- ",,,YUBA,MARYSVILLE,-121.58834838867188,39.156360626220703