CASE_ID,ACCIDENT_YEAR,PROC_DATE,JURIS,COLLISION_DATE,COLLISION_TIME,OFFICER_ID,REPORTING_DISTRICT,DAY_OF_WEEK,CHP_SHIFT,POPULATION,CNTY_CITY_LOC,SPECIAL_COND,BEAT_TYPE,CHP_BEAT_TYPE,CITY_DIVISION_LAPD,CHP_BEAT_CLASS,BEAT_NUMBER,PRIMARY_RD,SECONDARY_RD,DISTANCE,DIRECTION,INTERSECTION,WEATHER_1,WEATHER_2,STATE_HWY_IND,CALTRANS_COUNTY,CALTRANS_DISTRICT,STATE_ROUTE,ROUTE_SUFFIX,POSTMILE_PREFIX,POSTMILE,LOCATION_TYPE,RAMP_INTERSECTION,SIDE_OF_HWY,TOW_AWAY,COLLISION_SEVERITY,NUMBER_KILLED,NUMBER_INJURED,PARTY_COUNT,PRIMARY_COLL_FACTOR,PCF_CODE_OF_VIOL,PCF_VIOL_CATEGORY,PCF_VIOLATION,PCF_VIOL_SUBSECTION,HIT_AND_RUN,TYPE_OF_COLLISION,MVIW,PED_ACTION,ROAD_SURFACE,ROAD_COND_1,ROAD_COND_2,LIGHTING,CONTROL_DEVICE,CHP_ROAD_TYPE,PEDESTRIAN_ACCIDENT,BICYCLE_ACCIDENT,MOTORCYCLE_ACCIDENT,TRUCK_ACCIDENT,NOT_PRIVATE_PROPERTY,ALCOHOL_INVOLVED,STWD_VEHTYPE_AT_FAULT,CHP_VEHTYPE_AT_FAULT,COUNT_SEVERE_INJ,COUNT_VISIBLE_INJ,COUNT_COMPLAINT_PAIN,COUNT_PED_KILLED,COUNT_PED_INJURED,COUNT_BICYCLIST_KILLED,COUNT_BICYCLIST_INJURED,COUNT_MC_KILLED,COUNT_MC_INJURED,PRIMARY_RAMP,SECONDARY_RAMP,LATITUDE,LONGITUDE,COUNTY,CITY,POINT_X,POINT_Y
9322820,2021,2021-10-14,5801,2021-09-19,1937,329,,7,5,3,5801,0,0,0,,0,,"B ST","14TH ST",0.00,,Y,A,-,Y,YUB,3,70,-,-,14.870,I,5,E,Y,2,0,1,2,A,-,12,21453,A,N,D,C,A,A,H,-,B,A,0,,,,,Y,,M,96,1,0,0,0,0,0,0,0,0,"- ","- ",,,YUBA,MARYSVILLE,-121.58737182617188,39.150653839111328
9324072,2021,2021-10-26,5801,2021-07-30,2244,327,,5,5,3,5801,0,0,0,,0,,"F ST","3RD ST",0.00,,Y,A,-,N,,,,,,,,,,N,2,0,1,3,A,-,00,22354,,F,G,B,E,-,H,-,C,A,0,Y,,,,Y,,N,60,1,0,0,0,1,0,0,0,0,"- ","- ",,,YUBA,MARYSVILLE,-121.59174346923828,39.137866973876953
94269669,2024,2024-08-13,9285,2024-08-02,2047,022867,,5,2,9,5800,0,1,3,,1,060,"NB SR-70","OLD STATE HIGHWAY",317.00,S,N,A,-,Y,YUB,,70," "," ",25.416,H,,R,Y,2,0,1,1,A,-,08,22107,,N,E,I,A,A,H,-,B,D,0,,,,,Y,Y,D,22,1,0,0,0,0,0,0,0,0,"- ","- ",39.300960540771484,-121.59494781494141,YUBA,UNINCORPORATED,-121.59516143798828,39.300956726074219
94356678,2024,2024-08-16,9285,2024-08-08,2110,021860,,4,2,9,5800,0,3,5,,1,008,"CHALLENGE CUTOFF RD","SLATE RD",900.00,S,N,A,-,N,,,,,,,,,,Y,2,0,1,1,A,-,08,22107,,N,E,I,A,A,H,-,D,D,0,,,Y,,Y,,C,02,1,0,0,0,0,0,0,0,1,"- ","- ",39.488819122314453,-121.24421691894531,YUBA,UNINCORPORATED,-121.24463653564453,39.488376617431641
94376579,2024,2024-08-30,9285,2024-08-24,1320,021328,,6,1,9,5800,0,3,5,,1,006,"FRUITLAND RD","SPRIG DR.",75.00,E,N,B,-,N,,,,,,,,,,Y,2,0,2,1,A,-,08,22107,,N,E,8,A,A,H,-,A,D,0,,,,,Y,,A,07,1,0,1,0,0,0,0,0,0,"- ","- ",39.323299407958984,-121.4462890625,YUBA,UNINCORPORATED,-121.44628143310547,39.323310852050781
94420079,2024,2024-10-04,9285,2024-09-28,1255,023008,,6,1,9,5800,0,1,3,,1,020,"HAMMONTON SMARTVILLE RD","SOUTH GOLDEN PKWY",610.00,W,N,A,-,Y,,,,,,,,,,Y,2,0,1,1,A,-,03,22350,,N,E,I,A,A,H,-,A,A,0,,,Y,,Y,,C,02,1,0,0,0,0,0,0,0,1,"- ","- ",39.198280334472656,-121.3182373046875,YUBA,UNINCORPORATED,-121.31815338134766,39.198238372802734
94458745,2024,2024-11-05,9285,2024-09-23,2328,021860,,1,3,9,5800,0,1,3,,1,060,"STATE ROUTE 70","NOBLE ROAD",645.00,S,N,A,-,Y,YUB,,70," "," ",18.806,H,,R,Y,1,2,0,2,A,-,09,21804,A,N,D,C,A,A,H,-,D,D,0,,,Y,,Y,,A,01,0,0,0,0,0,0,0,2,0,"- ","- ",39.206729888916016,-121.59580993652344,YUBA,UNINCORPORATED,-121.59579467773438,39.206733703613281
94511799,2024,2024-12-20,9285,2024-12-11,"400 ",022534,,3,3,9,5800,0,3,5,,1,002,"ERLE ROAD","DUGGIN STREET",1426.00,N,N,A,-,N,,,,,,,,,,Y,2,0,1,1,A,-,01,23152,F,N,E,8,A,A,H,-,C,A,0,,,,,Y,,A,01,1,0,0,0,0,0,0,0,0,"- ","- ",39.106769561767578,-121.50424194335938,YUBA,UNINCORPORATED,-121.50423431396484,39.106723785400391
94537093,2025,2025-01-14,9285,2025-01-03,1824,021599,,5,2,9,5800,0,2,4,,1,022,"OLIVEHURST AVENUE","6TH AVENUE",300.00,S,N,A,-,N,,,,,,,,,,N,2,0,1,2,A,-,11,21954,A,F,G,B,D,A,H,-,C,D,0,Y,,,,Y,Y,N,60,1,0,0,0,1,0,0,0,0,"- ","- ",39.097129821777344,-121.55159759521484,YUBA,UNINCORPORATED,-121.55153656005859,39.097145080566406
94546054,2024,2025-01-22,9285,2024-10-16,1655,024019,,3,2,9,5800,0,3,5,,1,002,"FORTY MILE ROAD","DAIRY ROAD",0.00,,Y,A,-,N,,,,,,,,,,Y,1,1,2,3,A,-,09,21801,A,N,A,C,A,A,H,-,A,A,0,,,,,Y,,A,08,1,0,1,0,0,0,0,0,0,"- ","- ",39.008659362792969,-121.49884033203125,YUBA,UNINCORPORATED,-121.49887084960938,39.008636474609375
94566287,2025,2025-02-05,9285,2025-01-24,1825,024039,,5,2,9,5800,0,1,3,,1,060,"SR-70 N/B","CHANDLER RD",140.00,N,N,A,-,Y,YUB,,70," "," ",24.829,H,,R,Y,2,0,2,2,A,-,09,21802,A,N,C,C,A,A,H,-,D,D,0,,,,,Y,,D,22,1,0,1,0,0,0,0,0,0,"- ","- ",39.292438507080078,-121.59477233886719,YUBA,UNINCORPORATED,-121.59494781494141,39.292438507080078
94586500,2024,2025-02-21,9285,2024-12-14,2500,021068,,6,4,9,5800,0,1,3,,1,060,"STATE ROUTE 70","MAGNOLIA ROAD",799.00,S,N,C,-,Y,YUB,,70," "," ",20.789,H,,R,Y,1,1,0,1,A,-,08,22107,,N,E,I,A,B,H,-,D,D,0,,,,,Y,,A,01,0,0,0,0,0,0,0,0,0,"- ","- ",39.234291076660156,-121.60038757324219,YUBA,UNINCORPORATED,-121.60043334960938,39.234291076660156
94648060,2025,2025-04-14,9285,2025-03-20,1730,021012,,4,2,9,5800,0,3,5,,1,006,"KIMBALL LANE","JACK SLOUGH ROAD",5702.00,E,N,A,-,N,,,,,,,,,,Y,1,1,0,1,A,-,03,22350,,F,E,I,A,A,H,-,A,D,0,,,,,Y,,A,01,0,0,0,0,0,0,0,0,0,"- ","- ",39.188629150390625,-121.55831146240234,YUBA,UNINCORPORATED,-121.55827331542969,39.188594818115234
94648281,2025,2025-04-14,9285,2025-04-03,1800,021599,,4,2,9,5800,0,3,5,,1,002,"PASADO ROAD","S. GLEDHILL AVENUE",200.00,E,N,A,-,N,,,,,,,,,,Y,2,0,1,2,A,-,01,23152,A,N,C,C,A,A,H,-,A,D,0,,,Y,,Y,Y,D,22,1,0,0,0,0,0,0,0,1,"- ","- ",39.112869262695312,-121.5670166015625,YUBA,UNINCORPORATED,-121.56671905517578,39.112869262695312
94660475,2025,2025-04-23,9285,2025-04-19,2120,022919,,6,2,9,5800,0,1,3,,1,060,"SR-70 N/B","RAMIREZ RD",95.00,N,N,A,-,Y,YUB,,70," "," ",22.910,H,,R,Y,2,0,1,2,A,-,01,23152,A,N,D,C,A,A,H,-,C,D,0,,,Y,,Y,Y,D,22,1,0,0,0,0,0,0,0,1,"- ","- ",39.26483154296875,-121.59725952148438,YUBA,UNINCORPORATED,-121.59724426269531,39.264827728271484
94682350,2025,2025-05-09,9285,2025-05-01,1658,019223,,4,2,9,5800,0,1,3,,1,060,SR-70,"WOODRUFF LN",3308.00,N,N,A,-,Y,YUB,,70," "," ",20.375,H,,R,Y,2,0,3,1,A,-,08,22107,,N,E,I,A,A,H,-,A,D,0,,,,,Y,,E,22,3,0,0,0,0,0,0,0,0,"- ","- ",39.228309631347656,-121.60063934326172,YUBA,UNINCORPORATED,-121.60084533691406,39.228317260742188
94700595,2025,2025-05-26,9285,2025-05-17,1700,022401,,6,2,9,5800,0,1,3,,1,020,"STATE ROUTE 70","PLUMAS LAKE BOULEVARD",850.00,N,N,A,-,Y,YUB,,70," ",R,3.647,H,,R,Y,2,0,1,3,A,-,01,23152,A,N,G,1,E,A,H,-,A,D,0,Y,,,,Y,Y,A,07,1,0,0,0,1,0,0,0,0,"- ","- ",39.024761199951172,-121.547119140625,YUBA,UNINCORPORATED,-121.54720306396484,39.024761199951172
94753128,2025,2025-07-08,9285,2025-06-30,"638 ",024370,,1,1,9,5800,0,3,5,,1,002,"7TH AVENUE","WESTERN AVE",0.00,,Y,A,-,N,,,,,,,,,,N,2,0,1,2,A,-,12,22450,A,N,D,C,A,A,H,-,A,A,0,,,,,Y,,M,96,1,0,0,0,0,0,0,0,0,"- ","- ",39.095378875732422,-121.55619812011719,YUBA,UNINCORPORATED,-121.55622863769531,39.095378875732422
9480832,2022,2023-02-02,5801,2022-07-10,1918,P216,YUBA,7,5,3,5801,0,0,0,,0,5801,"RT 20","N LEVEE RD",0.00,,Y,A,-,Y,YUB,3,20,-,R,3.379,I,5,E,Y,1,1,0,2,A,-,09,21801,A,N,D,D,A,A,H,-,A,A,0,,,,,Y,,D,22,0,0,0,0,0,0,0,0,0,"- ","- ",,,YUBA,MARYSVILLE,-121.55998229980469,39.163814544677734
9484927,2022,2022-09-19,5801,2022-08-10,1340,310,YUBA,3,5,3,5801,0,0,0,,0,,"10TH ST","E ST",0.00,,N,A,-,N,,,,,,,,,,Y,2,0,1,2,A,-,03,22350,,N,C,C,A,A,H,-,A,A,0,,,Y,,Y,,-,"- ",1,0,0,0,0,0,0,0,1,"- ","- ",,,YUBA,MARYSVILLE,-121.59121704101562,39.145069122314453
9485308,2022,2022-09-07,5801,2022-08-12,1951,P231,5801,5,5,3,5801,0,0,0,,0,,"RT 70","EAST 24TH ST",0.00,,Y,A,-,Y,YUB,3,70,-,-,15.350,I,5,E,Y,2,0,1,1,A,-,01,23152,A,N,H,J,A,A,H,-,B,D,0,,,,,Y,Y,D,22,1,0,0,0,0,0,0,0,0,"- ","- ",,,YUBA,MARYSVILLE,-121.58887481689453,39.157703399658203
9499423,2022,2022-11-03,5801,2022-09-20,1620,310,YUBA,2,5,3,5801,0,0,0,,0,,"EAST 19TH ST","HALL ST",0.00,,N,A,-,N,,,,,,,,,,N,2,0,1,2,A,-,05,21650,1,N,D,-,A,A,H,-,A,A,0,,Y,,,Y,,L,04,1,0,0,0,0,0,1,0,0,"- ","- ",,,YUBA,MARYSVILLE,-121.57045745849609,39.157585144042969
9520051,2022,2022-11-18,5801,2022-06-27,0142,,YUBA,1,5,3,5801,0,0,0,,0,,"SIMPSON LN","EAST 10TH ST",1704.00,S,N,A,-,N,,,,,,,,,,N,1,1,0,2,A,-,11,21950,B,N,G,B,E,A,H,-,D,D,0,Y,,,,Y,,N,60,0,0,0,1,0,0,0,0,0,"- ","- ",,,YUBA,MARYSVILLE,,
9520955,2023,2023-09-27,5801,2023-08-05,1447,,TRAFF,6,5,3,5801,0,0,0,,0,5801,RT-20,"EAST 22ND ST",0.00,,Y,A,-,Y,YUB,3,20,-,R,2.940,I,5,W,Y,1,1,0,2,A,-,09,21801,A,N,D,C,A,A,H,-,A,D,0,,,Y,,Y,,A,07,0,0,0,0,0,0,0,1,0,"- ","- ",,,YUBA,MARYSVILLE,-121.56462097167969,39.15863037109375
9536112,2022,2023-01-04,5801,2022-11-30,2321,P231,5801,3,5,3,5801,0,0,0,,0,,"B ST","15TH ST",190.00,N,N,A,-,Y,YUB,3,70,-,-,14.970,H,-,W,Y,2,0,1,1,A,-,01,23152,A,N,E,I,A,-,H,-,D,D,0,,,,,Y,Y,A,07,1,0,0,0,0,0,0,0,0,"- ","- ",,,YUBA,MARYSVILLE,-121.58766174316406,39.152423858642578
9561933,2023,2023-05-06,5801,2023-03-09,1501,P230,,4,5,3,5801,0,0,0,,0,,"HALL ST","RIDEOUT WY",152.00,N,N,B,C,N,,,,,,,,,,N,2,0,1,2,A,-,11,21954,A,N,G,B,D,B,H,-,A,D,0,Y,,,,Y,,N,60,1,0,0,0,1,0,0,0,0,"- ","- ",,,YUBA,MARYSVILLE,-121.57049560546875,39.159656524658203
9637386,2023,2024-03-06,5801,2023-10-09,1020,309,,1,5,3,5801,0,0,0,,0,,"E ST","3RD ST",310.00,S,N,A,-,Y,YUB,3,70,-,-,14.180,H,-,E,N,2,0,1,2,A,-,11,21954,A,N,D,G,A,A,H,-,A,A,0,,Y,,,Y,,L,04,1,0,0,0,0,0,1,0,0,"- ","- ",,,YUBA,MARYSVILLE,-121.590087890625,39.137130737304688
9751434,2023,2025-07-23,5802,2023-09-12,2046,1016,,2,5,1,5802,0,0,0,,0,,"SPENCEVILLE RD","JASPER LN",1388.00,W,N,A,-,N,,,,,,,,,,Y,1,1,0,2,A,-,01,23152,A,F,A,C,A,A,H,-,D,D,0,,,Y,,Y,Y,D,22,0,0,0,0,0,0,0,1,0,"- ","- ",39.020271301269531,-121.40807342529297,YUBA,WHEATLAND,-121.40805053710938,39.020267486572266
9762855,2024,2025-01-21,5801,2024-12-18,1738,311,YUBA,3,5,3,5801,0,0,0,,0,5801,"B ST","8TH ST",167.00,S,N,A,-,N,,,,,,,,,,N,2,0,1,1,A,-,08,22107,,N,E,I,A,A,H,-,C,A,0,,,,,Y,,A,01,1,0,0,0,0,0,0,0,0,"- ","- ",,,YUBA,MARYSVILLE,-121.58639526367188,39.1434326171875
9774332,2024,2025-01-27,5801,2024-12-18,1836,P167,YUBAS,3,5,3,5801,0,0,0,,0,5801,"3RD ST","E ST",145.00,W,N,A,-,N,,,,,,,,,,N,2,0,1,2,A,-,00,21955,A,N,G,B,D,A,H,-,C,D,0,Y,,,,Y,,N,60,1,0,0,0,1,0,0,0,0,"- ","- ",,,YUBA,MARYSVILLE,-121.59074401855469,39.137947082519531
9794910,2025,2025-04-02,5801,2025-03-11,1913,P231,YUBA,2,5,3,5801,0,0,0,,0,,"18TH ST","SWEZY ST",0.00,,Y,A,-,N,,,,,,,,,,Y,2,0,2,1,A,-,01,23152,,N,E,I,A,A,H,-,B,D,0,,,,,Y,Y,A,07,1,0,1,0,0,0,0,0,0,"- ","- ",,,YUBA,MARYSVILLE,-121.58202362060547,39.15557861328125
9815676,2025,2025-06-11,5801,2025-05-24,1249,P259,5801,6,5,3,5801,0,0,0,,0,,"E ST","6TH ST",0.00,,Y,A,-,N,,,,,,,,,,N,2,0,1,1,A,-,03,22350,,N,H,J,A,A,H,-,A,A,0,,,Y,,Y,,C,02,1,0,0,0,0,0,0,0,1,"- ","- ",,,YUBA,MARYSVILLE,-121.59068298339844,39.141323089599609
6292730,2015,2017-04-03,5802,2015-09-05,2050,607,,6,5,1,5802,0,0,0,,0,,"SPENCEVILLE RD","JASPER LN",257.00,W,N,A,-,N,,,,,,,,,,Y,1,1,2,1,A,-,03,22350,,N,F,J,A,A,H,-,D,D,0,,,,,Y,Y,A,01,0,0,2,0,0,0,0,0,0,"- ","- ",,,YUBA,WHEATLAND,-121.4045763,39.021731559999999
6438619,2014,2015-05-14,5801,2014-03-03,1709,,,1,5,3,5801,0,0,0,,0,,"B ST","3RD ST",38.00,S,N,B,C,N,,,,,,,,,,N,2,0,1,2,A,-,12,22450,A,N,C,G,A,B,H,-,B,D,0,,Y,,,Y,,L,04,1,0,0,0,0,0,1,0,0,"- ","- ",,,YUBA,MARYSVILLE,-121.58572306000001,39.13824649
6477488,2014,2014-07-25,9285,2014-04-19,0820,14878,,6,1,9,5800,0,3,5,,1,004,"CAMP FAR WEST RD","LONG RAVINE RD",7920.00,N,N,A,-,N,,,,,,,,,,Y,2,0,2,1,A,-,03,22350,,N,F,I,A,A,H,-,A,D,0,,,,,Y,,A,07,1,1,0,0,0,0,0,0,0,"- ","- ",39.100589999999997,-121.30062,YUBA,UNINCORPORATED,-121.30335933000001,39.106433250000002
6513504,2014,2014-08-11,9285,2014-06-09,0732,14241,,1,1,9,5800,0,2,4,,1,042,"HAMMONTON SMARTVILLE RD","MAPES WY",0.00,,Y,A,-,N,,,,,,,,,,N,2,0,1,2,A,-,10,21950,A,N,G,B,D,A,H,-,A,D,0,Y,,,,Y,,A,01,1,0,0,0,1,0,0,0,0,"- ","- ",39.135210000000001,-121.54792,YUBA,UNINCORPORATED,-121.54792988,39.135249969999997
6545143,2014,2016-03-26,9285,2014-06-25,1043,17080,,3,1,9,5800,0,1,3,,1,060,"RT 70","MAGNOLIA RD",2100.00,S,N,A,-,Y,YUB,3,70,-,-,20.560,H,-,W,Y,2,0,1,2,A,-,03,22350,,N,C,C,A,A,H,-,A,D,0,,,,Y,Y,,G,25,1,0,0,0,0,0,0,0,0,"- ","- ",39.231020000000001,-121.60069,YUBA,UNINCORPORATED,-121.60065648,39.230988150000002
6547159,2014,2016-03-28,9230,2014-06-14,2210,017889,,6,3,9,5800,0,1,3,,1,081,"RT 49","MARYSVILLE RD",3168.00,S,N,A,-,Y,YUB,3,49,-,-,2.970,H,-,S,Y,2,0,1,1,A,-,08,22107,,N,E,I,A,A,H,-,D,D,0,,,,,Y,,A,01,1,0,0,0,0,0,0,0,0,"- ","- ",39.258499999999998,-121.04474,YUBA,UNINCORPORATED,-121.07620145,39.431194849999997
6573276,2014,2014-08-26,9285,2014-07-10,2119,18340,,4,2,9,5800,0,3,5,,1,002,"ERLE RD","RT 70",325.00,W,N,B,-,N,,,,,,,,,,N,2,0,1,2,A,-,05,21650,1,N,D,G,A,A,H,-,D,D,0,,Y,,,Y,,L,04,1,0,0,0,0,0,1,0,0,"- ","- ",39.113129999999998,-121.56054,YUBA,UNINCORPORATED,-121.56047768000001,39.113328930000002
6588322,2014,2014-09-03,9285,2014-07-22,1818,18981,,2,2,9,5800,0,3,5,,1,004,"BINGHAM AV","LINDHURST AV",440.00,W,N,A,-,N,,,,,,,,,,N,2,0,1,2,D,-,00,,,N,G,B,E,A,H,-,A,D,0,Y,,,,Y,,-,"- ",1,0,0,0,1,0,0,0,0,"- ","- ",39.118859999999998,-121.56444999999999,YUBA,UNINCORPORATED,-121.56443038,39.11886544
6616172,2014,2016-05-06,9285,2014-08-21,1524,014480,,4,2,9,5800,0,1,3,,1,060,"RT 70","WOODRUFF LN",528.00,N,N,A,-,Y,YUB,3,70,-,-,19.840,H,-,E,Y,2,0,1,1,A,-,08,22107,,N,F,A,A,A,H,-,A,D,0,,,,,Y,,D,22,1,0,0,0,0,0,0,0,0,"- ","- ",39.223039999999997,-121.601,YUBA,UNINCORPORATED,-121.60136285,39.220614060000003
6616754,2014,2014-09-15,9285,2014-08-10,2050,018981,,7,2,9,5800,0,2,4,,1,041,"NORTH BEALE RD","FEATHER RIVER BL",0.00,,Y,A,-,N,,,,,,,,,,Y,2,0,1,2,A,-,05,21650,1,N,D,G,A,A,H,-,C,A,0,,Y,,,Y,Y,L,04,1,0,0,0,0,0,1,0,0,"- ","- ",39.125680000000003,-121.57577000000001,YUBA,UNINCORPORATED,-121.57575998,39.125689909999998
6629059,2014,2014-09-29,9285,2014-08-16,0717,014480,,6,1,9,5800,0,3,5,,1,004,"SIMPSON DANTONI RD","DANTONI RD",275.00,W,N,A,-,N,,,,,,,,,,N,2,0,1,1,A,-,01,23152,A,N,F,A,A,A,H,-,A,D,0,,,,,Y,Y,A,01,1,0,0,0,0,0,0,0,0,"- ","- ",39.141759999999998,-121.53447,YUBA,UNINCORPORATED,-121.53374439,39.142355819999999
6641001,2014,2014-10-16,9285,2014-09-04,1516,018291,,4,2,9,5800,0,2,4,,1,022,"POWERLINE RD","MCGOWAN PKWY",5.00,N,N,A,-,N,,,,,,,,,,N,2,0,1,2,A,-,12,22450,A,N,D,G,A,A,H,-,A,A,0,,Y,,,Y,,L,04,1,0,0,0,0,0,1,0,0,"- ","- ",39.077469999999998,-121.54277999999999,YUBA,UNINCORPORATED,-121.54280971,39.077293730000001
6691694,2014,2014-11-24,9285,2014-09-19,1740,017118,,5,2,9,5800,0,3,5,,1,006,"WOODRUFF LN","KIMBALL LN",341.00,E,N,A,-,N,,,,,,,,,,Y,2,0,2,1,A,-,03,22350,,N,H,A,A,A,H,-,A,D,0,,,Y,,Y,,C,06,2,0,0,0,0,0,0,0,2,"- ","- ",39.214280000000002,-121.53761,YUBA,UNINCORPORATED,-121.53765639,39.214328039999998
6801587,2015,2016-09-06,9285,2015-01-07,2025,017534,,3,2,9,5800,0,1,3,,1,020,"RT 70","FEATHER RIVER BL",1056.00,W,N,A,-,Y,YUB,3,70,-,-,13.376,R,4,W,N,2,0,1,2,A,-,05,21650,,N,D,G,A,A,H,-,C,D,0,,Y,,,Y,,L,04,1,0,0,0,0,0,1,0,0,TO,"- ",,,YUBA,UNINCORPORATED,-121.58254821,39.12766757
6801588,2014,2016-06-23,9285,2014-12-24,0343,018107,,3,3,9,5800,0,1,4,,1,062,"RT 20","MARYSVILLE RD",2112.00,W,N,A,-,Y,YUB,3,20,-,-,12.830,H,-,E,Y,2,0,1,1,A,-,08,22107,,N,E,I,A,A,H,-,D,D,0,,,,,Y,,D,22,1,0,0,0,0,0,0,0,0,"- ","- ",39.226430000000001,-121.42249,YUBA,UNINCORPORATED,-121.42259172999999,39.226479449999999
6809815,2015,2016-09-06,9285,2015-01-10,1230,017534,,6,1,9,5800,0,1,3,,1,020,"RT 70","2ND ST",330.00,N,N,A,-,Y,YUB,3,70,-,-,14.100,H,-,E,N,2,0,1,1,A,-,08,22107,,N,F,A,A,A,H,-,A,D,0,,Y,,,Y,,L,04,1,0,0,0,0,0,1,0,0,"- ","- ",39.136029999999998,-121.58960999999999,YUBA,UNINCORPORATED,-121.58990145999999,39.135942149999998
6854195,2014,2015-04-11,9285,2014-09-25,2500,17393,,4,4,9,5800,0,2,4,,2,081,"MARYSVILLE RD","OLD DOBBINS RD",5808.00,E,N,B,-,N,,,,,,,,,,Y,1,1,0,1,A,-,03,22350,,N,E,I,A,B,H,-,D,D,0,,,,,Y,,A,01,0,0,0,0,0,0,0,0,0,"- ","- ",39.367109999999997,-121.18768,YUBA,UNINCORPORATED,-121.19583233,39.372291619999999
6981565,2015,2015-07-17,9285,2015-06-07,1005,15048,,7,1,9,5800,0,3,5,,1,002,"JAY ST","ALICIA AV",0.00,,Y,A,-,N,,,,,,,,,,N,2,0,1,2,A,-,09,21802,A,N,D,G,A,A,H,-,A,A,0,,Y,,,Y,,A,01,1,0,0,0,0,0,1,0,0,"- ","- ",39.118429999999996,-121.57908999999999,YUBA,UNINCORPORATED,-121.57889994,39.118219969999998
7006034,2015,2017-05-09,9285,2015-07-04,0125,18475,,6,3,9,5800,0,1,3,,1,062,"RT 20","PLANTZ RD",25.00,W,N,A,-,Y,YUB,3,20,-,R,4.850,H,-,W,N,1,1,0,2,A,-,11,21954,A,N,G,B,E,A,H,-,D,D,0,Y,,,,Y,,N,60,0,0,0,1,0,0,0,0,0,"- ","- ",39.181269999999998,-121.54477,YUBA,UNINCORPORATED,-121.54476313000001,39.181169769999997
7006768,2015,2016-01-14,9285,2015-04-03,1623,018286,,5,2,9,5800,0,2,4,,1,042,"HAMMONTON SMARTVILLE RD","GOLDEN PARKWAY",5808.00,W,N,A,-,N,,,,,,,,,,Y,1,1,0,1,A,-,03,22350,,N,E,I,A,A,H,-,A,D,0,,,,,Y,,D,22,0,0,0,0,0,0,0,0,0,"- ","- ",39.196280000000002,-121.33624,YUBA,UNINCORPORATED,-121.33585207,39.196451089999996
7186083,2016,2017-12-12,5801,2016-02-15,1554,309,,1,5,3,5801,0,0,0,,0,,"D ST","10TH ST",0.00,,Y,A,-,N,,,,,,,,,,Y,1,1,0,1,A,-,03,22350,,N,E,I,A,A,H,-,A,D,0,,,,,Y,,A,01,0,0,0,0,0,0,0,0,0,"- ","- ",,,YUBA,MARYSVILLE,-121.58980991999999,39.145929899999999
7190336,2016,2016-08-18,5801,2016-07-05,0453,305,YUBA,2,5,3,5801,0,0,0,,0,5801,"5TH ST","F ST",11.00,E,N,A,-,N,,,,,,,,,,N,1,1,0,2,A,-,10,21950,A,N,G,B,B,A,H,-,C,D,0,Y,,,,Y,,A,01,0,0,0,1,0,0,0,0,0,"- ","- ",,,YUBA,MARYSVILLE,-121.59203141,39.140093049999997
7200060,2017,2019-04-08,5801,2017-02-18,1035,302,MARYS,6,5,3,5801,0,0,0,,0,,"RT 20","EAST 17TH ST",354.00,E,N,B,C,Y,YUB,3,20,-,R,2.640,H,-,W,Y,1,2,0,1,A,-,03,22349,B,N,D,I,A,B,H,-,A,D,0,,,,,Y,,A,01,0,0,0,0,0,0,0,0,0,"- ","- ",,,YUBA,MARYSVILLE,-121.56922794,39.155181800000001
7213063,2016,2017-02-11,5801,2016-03-06,1329,306,YUBA,7,5,3,5801,0,0,0,,0,,"I ST","RT 20",0.00,,N,B,-,Y,YUB,3,20,-,-,0.580,I,6,E,Y,2,0,2,2,A,-,03,22350,,N,B,C,A,B,H,-,A,D,0,,,,,Y,,A,01,1,1,0,0,0,0,0,0,0,"- ","- ",,,YUBA,MARYSVILLE,-121.59821583999999,39.145240780000002
8060957,2016,2017-02-18,5801,2016-06-05,0119,317,5801,7,5,3,5801,0,0,0,,0,,"9TH ST","E ST",0.00,,Y,A,-,Y,YUB,3,20,-,-,1.472,I,6,W,N,2,0,1,2,A,-,11,21954,A,N,G,B,D,A,H,-,C,A,0,Y,,,,Y,,A,01,1,0,0,0,1,0,0,0,0,"- ","- ",,,YUBA,MARYSVILLE,-121.58699985,39.148062090000003