CASE_ID,ACCIDENT_YEAR,PROC_DATE,JURIS,COLLISION_DATE,COLLISION_TIME,OFFICER_ID,REPORTING_DISTRICT,DAY_OF_WEEK,CHP_SHIFT,POPULATION,CNTY_CITY_LOC,SPECIAL_COND,BEAT_TYPE,CHP_BEAT_TYPE,CITY_DIVISION_LAPD,CHP_BEAT_CLASS,BEAT_NUMBER,PRIMARY_RD,SECONDARY_RD,DISTANCE,DIRECTION,INTERSECTION,WEATHER_1,WEATHER_2,STATE_HWY_IND,CALTRANS_COUNTY,CALTRANS_DISTRICT,STATE_ROUTE,ROUTE_SUFFIX,POSTMILE_PREFIX,POSTMILE,LOCATION_TYPE,RAMP_INTERSECTION,SIDE_OF_HWY,TOW_AWAY,COLLISION_SEVERITY,NUMBER_KILLED,NUMBER_INJURED,PARTY_COUNT,PRIMARY_COLL_FACTOR,PCF_CODE_OF_VIOL,PCF_VIOL_CATEGORY,PCF_VIOLATION,PCF_VIOL_SUBSECTION,HIT_AND_RUN,TYPE_OF_COLLISION,MVIW,PED_ACTION,ROAD_SURFACE,ROAD_COND_1,ROAD_COND_2,LIGHTING,CONTROL_DEVICE,CHP_ROAD_TYPE,PEDESTRIAN_ACCIDENT,BICYCLE_ACCIDENT,MOTORCYCLE_ACCIDENT,TRUCK_ACCIDENT,NOT_PRIVATE_PROPERTY,ALCOHOL_INVOLVED,STWD_VEHTYPE_AT_FAULT,CHP_VEHTYPE_AT_FAULT,COUNT_SEVERE_INJ,COUNT_VISIBLE_INJ,COUNT_COMPLAINT_PAIN,COUNT_PED_KILLED,COUNT_PED_INJURED,COUNT_BICYCLIST_KILLED,COUNT_BICYCLIST_INJURED,COUNT_MC_KILLED,COUNT_MC_INJURED,PRIMARY_RAMP,SECONDARY_RAMP,LATITUDE,LONGITUDE,COUNTY,CITY,POINT_X,POINT_Y
8154934,2016,2016-11-02,5801,2016-10-01,0219,302,MARYS,6,5,3,5801,0,0,0,,0,,"14TH ST","B ST",169.00,W,N,B,-,N,,,,,,,,,,Y,2,0,1,1,A,-,05,21650,,N,A,I,A,B,H,-,C,D,0,,,,,Y,,A,01,1,0,0,0,0,0,0,0,0,"- ","- ",,,YUBA,MARYSVILLE,-121.58800006,39.150593069999999
8402426,2017,2017-07-17,5801,2017-06-30,1316,327,5801,5,5,3,5801,0,0,0,,0,,"3RD ST","E ST",0.00,,Y,A,-,N,,,,,,,,,,Y,2,0,1,1,A,-,01,23152,,N,E,I,A,A,H,-,A,A,0,,,,,Y,,A,01,1,0,0,0,0,0,0,0,0,"- ","- ",,,YUBA,MARYSVILLE,-121.42645,39.008779939999997
8593473,2018,2018-07-31,5801,2018-03-09,1641,326,YUBA,5,5,3,5801,0,0,0,,0,5801,"10TH ST","LEMON ST",2.00,W,N,C,-,Y,YUB,3,20,-,-,40.617,H,-,E,Y,2,0,1,1,A,-,07,21658,A,N,E,I,A,B,H,-,A,D,0,,,,,Y,,A,08,1,0,0,0,0,0,0,0,0,"- ","- ",,,YUBA,MARYSVILLE,,
8648065,2018,2020-05-26,5801,2018-06-21,0053,305,YUBA,4,5,3,5801,0,0,0,,0,5801,"10TH ST","10TH ST BRIDGE",8.00,N,N,A,-,Y,YUB,3,20,-,-,0.130,H,-,E,Y,1,1,2,2,A,-,01,23152,A,N,A,D,A,A,H,-,C,D,0,,,,Y,Y,Y,F,26,2,0,0,0,0,0,0,0,0,"- ","- ",,,YUBA,MARYSVILLE,-121.60588836669922,39.143959045410156
8933081,2019,2019-09-19,5801,2019-08-25,0503,329,5801,7,5,3,5801,0,0,0,,0,,"14TH ST","ELLIS LAKE DR",34.00,E,N,A,-,N,,,,,,,,,,Y,2,0,2,1,A,-,07,21658,A,N,E,J,A,A,H,-,D,A,0,,,,,Y,,A,01,1,0,1,0,0,0,0,0,0,"- ","- ",,,YUBA,MARYSVILLE,-121.59183502197266,39.150264739990234
8939485,2019,2021-05-28,5801,2019-09-03,0100,4073,,2,5,3,5801,0,0,0,,0,,"5TH ST","J ST",500.00,W,N,A,-,N,,,,,,,,,,Y,1,1,1,2,A,-,03,22350,,N,D,C,A,A,D,-,D,D,0,,,,,Y,,A,01,0,1,0,0,0,0,0,0,0,"- ","- ",,,YUBA,MARYSVILLE,-121.59957885742188,39.139560699462891
90016895,2015,2015-12-09,9285,2015-09-04,1900,018291,,5,2,9,5800,0,3,5,,1,004,"GRIFFITH AVE. (S/B)","N. BEALE ROAD",647.00,N,N,A,-,N,,,,,,,,,,N,2,0,1,2,A,-,08,22107,,N,D,G,A,A,H,-,A,D,0,,Y,,,Y,,L,04,1,0,0,0,0,0,1,0,0,"- ","- ",39.130130000000001,-121.52370000000001,YUBA,UNINCORPORATED,-121.52362942000001,39.130006629999997
90020597,2015,2015-10-19,9285,2015-08-02,0205,019168,,7,3,9,5800,0,1,3,,1,020,SR-70,"OLIVEHURST AVE",4752.00,S,N,A,-,Y,,,70,,,,,,,Y,1,1,0,1,A,-,03,22350,,N,E,I,A,A,H,-,C,D,0,,,,,Y,,A,01,0,0,0,0,0,0,0,0,0,"- ","- ",39.092880000000001,-121.54091,YUBA,UNINCORPORATED,-121.54099576999999,39.092828650000001
90033644,2015,2015-10-19,9285,2015-08-08,2340,017534,,6,3,9,5800,0,3,5,,1,004,"CHUCK YEAGER ROAD","DAUGHTERY RD",1207.00,N,N,A,-,N,,,,,,,,,,Y,1,1,0,1,A,-,01,23152,F,N,E,I,A,A,H,-,D,D,0,,,,,Y,Y,A,01,0,0,0,0,0,0,0,0,0,"- ","- ",39.187179999999998,-121.30294000000001,YUBA,UNINCORPORATED,-121.30293485,39.187152750000003
90057004,2015,2015-11-23,9285,2015-11-12,0645,014480,,4,1,9,5800,0,2,4,,2,081,"MARYSVILLE RD","OLD DOBBINS RD",8976.00,E,N,A,-,N,,,,,,,,,,Y,2,0,1,2,A,-,05,21650,,N,B,C,A,A,H,-,B,D,0,,,,,Y,,A,07,1,0,0,0,0,0,0,0,0,"- ","- ",39.366610000000001,-121.17793,YUBA,UNINCORPORATED,-121.1873126,39.367244329999998
90066963,2015,2015-12-07,9285,2015-11-29,1150,017272,,7,1,9,5800,0,2,4,,1,042,"HAMMONTON SMARTVILLE RD","HACKBERRY WAY",2050.00,W,N,A,-,N,,,,,,,,,,Y,2,0,3,2,A,-,03,22350,,N,B,C,A,A,H,-,A,D,0,,,Y,,Y,,C,02,1,2,0,0,0,0,0,0,3,"- ","- ",39.154710000000001,-121.47691,YUBA,UNINCORPORATED,-121.47680533,39.154748789999999
90095132,2016,2016-01-14,9285,2016-01-11,1910,017393,,1,2,9,5800,0,2,4,,2,082,"LA PORTE ROAD","NERO ROAD",1584.00,N,N,A,-,N,,,,,,,,,,Y,2,0,1,1,A,-,01,23152,E,N,E,J,A,A,H,-,D,D,0,,,Y,,Y,,C,02,1,0,0,0,0,0,0,0,1,"- ","- ",39.474530000000001,-121.26506999999999,YUBA,UNINCORPORATED,-121.26374572,39.475321710000003
90118228,2016,2016-06-09,9285,2016-01-29,0535,018522,,5,3,9,5800,0,3,5,,1,004,"HAMMONTON SMARTVILLE RD","RUPERT AVENUE",350.00,E,N,C,-,N,,,,,,,,,,N,2,0,1,3,A,-,03,22350,,N,G,B,E,B,H,-,D,D,0,Y,,,,Y,,A,01,1,0,0,0,1,0,0,0,0,"- ","- ",39.123530000000002,-121.56276,YUBA,UNINCORPORATED,-121.56263083,39.123535789999998
90118541,2016,2016-02-18,9285,2016-02-10,1530,017534,,3,2,9,5800,0,3,5,,1,006,"PEORIA ROAD","SAENGER TRAIL",792.00,S,N,A,-,N,,,,,,,,,,N,2,0,1,1,A,-,01,23152,A,N,E,I,A,A,H,-,A,D,0,,,Y,,Y,Y,C,06,1,0,0,0,0,0,0,0,1,"- ","- ",39.275480000000002,-121.36529,YUBA,UNINCORPORATED,-121.36531736000001,39.275442630000001
90151748,2016,2016-04-06,9285,2016-03-14,0350,018636,,1,3,9,5800,0,1,3,,1,051,"STATE ROUTE 99","RICHLAND ROAD",735.00,S,N,B,-,Y,,,,,,,,,,N,1,1,0,3,A,-,11,21954,A,N,G,B,E,B,H,-,D,D,0,Y,,,,Y,,N,60,0,0,0,1,0,0,0,0,0,"- ","- ",39.115690000000001,-121.63477,YUBA,UNINCORPORATED,,
90171572,2016,2016-05-03,9285,2016-04-15,2045,018632,,5,2,9,5800,0,1,3,,1,060,SR-70,"OLD STATE HIGHWAY",0.00,,N,A,-,Y,,,70,,,,,,,Y,2,0,1,2,A,-,08,22107,,N,D,C,A,A,H,-,D,D,0,,,,,Y,,A,01,1,0,0,0,0,0,0,0,0,"- ","- ",39.30303,-121.59520000000001,YUBA,UNINCORPORATED,-121.5952424,39.303028449999999
90199869,2016,2017-05-01,9285,2016-05-13,1928,018636,,5,2,9,5800,0,2,4,,2,082,"LA PORTE ROAD","PLATEAU LANE",2640.00,W,N,A,-,N,,,,,,,,,,Y,1,1,0,2,A,-,05,21460,A,N,A,C,A,A,H,-,A,D,0,,,Y,,Y,,C,02,0,0,0,0,0,0,0,1,0,"- ","- ",39.54692,-121.14309,YUBA,UNINCORPORATED,-121.14500999000001,39.546001019999999
90201212,2016,2016-06-14,9230,2016-05-30,1420,020411,,1,2,9,5800,0,3,5,,2,080,"DARK DAY ROAD","MARYSVILLE ROAD",4224.00,N,N,A,-,N,,,,,,,,,,N,2,0,1,1,A,-,03,22350,,N,F,A,A,A,H,-,A,D,0,,,Y,,Y,,C,02,1,0,0,0,0,0,0,0,1,"- ","- ",39.424230000000001,-121.1121,YUBA,UNINCORPORATED,-121.10797939,39.428792489999999
90205327,2016,2016-06-20,9285,2016-06-16,0105,018475,,4,3,9,5800,0,2,4,,1,022,"ARBOGA RD.","ARBOGA RD",22.00,E,N,A,-,N,,,,,,,,,,Y,2,0,1,1,A,-,01,23152,A,N,E,I,A,A,H,-,D,A,0,,,,,Y,Y,D,22,1,0,0,0,0,0,0,0,0,"- ","- ",39.078690000000002,-121.56131000000001,YUBA,UNINCORPORATED,,
90216230,2016,2016-07-05,9285,2016-07-01,0240,018475,,5,3,9,5800,0,2,4,,1,061,"LOMA RICA RD","276 RD",1584.00,S,N,A,-,N,,,,,,,,,,Y,2,0,1,1,A,-,01,23152,A,N,F,A,A,A,H,-,D,D,0,,,,,Y,Y,D,22,1,0,0,0,0,0,0,0,0,"- ","- ",39.278730000000003,-121.47856,YUBA,UNINCORPORATED,-121.47754277999999,39.279863130000003
90245225,2016,2016-08-15,9285,2016-08-07,1255,017534,,7,1,9,5800,0,2,4,,1,061,"MARYSVILLE RD","BALD MOUNTAIN RD",134.00,N,N,A,-,N,,,,,,,,,,Y,2,0,2,1,A,-,08,22107,,N,F,A,A,A,H,-,A,D,0,,,,,Y,,D,22,1,0,1,0,0,0,0,0,0,"- ","- ",39.154490000000003,-121.23390000000001,YUBA,UNINCORPORATED,-121.39429475999999,39.26223178
90265668,2016,2016-09-12,9285,2016-08-27,2243,017129,,6,3,9,5800,0,2,4,,2,021,"FEATHER RIVER BOULEVARD","COUNTRY CLUB ROAD",1056.00,S,N,A,-,N,,,,,,,,,,Y,2,0,6,1,A,-,01,23152,A,F,E,I,A,A,H,-,D,D,0,,,,,Y,Y,A,07,4,2,0,0,0,0,0,0,0,"- ","- ",39.030090000000001,-121.57886999999999,YUBA,UNINCORPORATED,-121.57886000000001,39.030190140000002
90274693,2016,2016-09-23,9230,2016-09-12,1010,020411,,1,1,9,5800,0,3,5,,2,080,"PIKE CITY ROAD","SPENCER ST",5280.00,S,N,A,-,N,,,,,,,,,,N,2,0,1,1,A,-,03,22350,,N,F,A,A,A,H,-,A,D,0,,,Y,,Y,,C,06,1,0,0,0,0,0,0,0,1,"- ","- ",39.445210000000003,-121.04709,YUBA,UNINCORPORATED,-121.04475699,39.446008249999998
90321313,2016,2016-12-12,9285,2016-11-09,1640,017191,,3,2,9,5800,0,1,3,,1,062,SR-20,"BROWNS VALLEY SCHOOL RD",0.00,,Y,A,-,Y,,,20,,,,,,,Y,2,0,1,3,A,-,03,22350,,N,C,C,A,A,H,-,B,D,0,,,,,Y,Y,D,22,1,0,0,0,0,0,0,0,0,"- ","- ",39.230400000000003,-121.40730000000001,YUBA,UNINCORPORATED,-121.40720835,39.230119649999999
90321721,2016,2016-11-17,9285,2016-11-10,0830,015491,,4,1,9,5800,0,1,3,,1,060,"STATE ROUTE 70","WOODRUFF LANE",2260.00,N,N,A,-,Y,,,70,,,,,,,Y,2,0,1,2,A,-,06,21751,,N,B,C,A,A,H,-,A,D,0,,,Y,Y,Y,,C,02,1,0,0,0,0,0,0,0,1,"- ","- ",39.225389999999997,-121.60111999999999,YUBA,UNINCORPORATED,-121.60105033000001,39.225385510000002
90342946,2016,2016-12-13,9285,2016-10-01,1700,018291,,6,2,9,5800,0,1,3,,1,020,"SR-70 (N/B)","MCGOWAN PKY",4224.00,S,N,A,-,Y,,,70,,,,,,,Y,2,0,1,2,A,-,08,22107,,F,B,C,A,A,H,-,A,D,0,,,,,Y,,A,01,1,0,0,0,0,0,0,0,0,"- ","- ",39.068849999999998,-121.54174999999999,YUBA,UNINCORPORATED,-121.54095078,39.068782880000001
90344229,2016,2016-12-14,9285,2016-12-06,1150,018475,,2,1,9,5800,0,2,4,,1,061,"MARYSVILLE RD","SCOTT GRANT RD",0.00,,Y,A,-,N,,,,,,,,,,Y,2,0,1,2,A,-,09,21802,A,N,D,C,A,A,H,-,A,A,0,,,,,Y,,D,22,1,0,0,0,0,0,0,0,0,"- ","- ",39.31344,-121.36886,YUBA,UNINCORPORATED,-121.36871995999999,39.31371996
90350002,2016,2016-12-21,9285,2016-12-12,0625,017534,,1,1,9,5800,0,3,5,,1,002,"CAMP FAR WEST ROAD","SPENCEVILLE ROAD",0.00,,Y,B,-,N,,,,,,,,,,Y,2,0,2,2,A,-,09,21802,A,N,D,C,A,A,H,-,D,A,0,,,Y,,Y,,A,01,1,1,0,0,0,0,0,0,1,"- ","- ",39.064880000000002,-121.35222,YUBA,UNINCORPORATED,-121.30331991,39.108319899999998
90357264,2016,2016-12-29,9285,2016-12-24,0930,018475,,6,1,9,5800,0,2,4,,2,081,"WILLOW GLEN RD","MEADOW LN",5690.00,N,N,A,-,N,,,,,,,,,,Y,2,0,1,1,A,-,08,22107,,N,E,I,A,A,H,-,A,D,0,,,,,Y,Y,D,22,1,0,0,0,0,0,0,0,0,"- ","- ",39.394100000000002,-121.31536,YUBA,UNINCORPORATED,-121.30175450999999,39.412503739999998
90364148,2017,2017-01-09,9285,2017-01-03,1008,018291,,2,1,9,5800,0,1,3,,1,020,"SR-70 (N/B)","SR-65 O/C",135.00,N,N,C,-,Y,,,70,,,,,,,Y,2,0,1,1,A,-,03,22350,,N,F,A,A,B,H,-,A,D,0,,,,,Y,,A,01,1,0,0,0,0,0,0,0,0,"- ","- ",39.092080000000003,-121.54065,YUBA,UNINCORPORATED,-121.54061384000001,39.092093269999999
90396851,2017,2017-02-21,9285,2017-02-10,1830,018986,,5,2,9,5800,0,2,4,,2,081,"REED LN","ROBINSON MILL RD",1087.00,E,N,B,-,N,,,,,,,,,,N,2,0,1,1,A,-,08,22107,,F,E,I,A,D,E,-,B,D,0,,,,,Y,,D,22,1,0,0,0,0,0,0,0,0,"- ","- ",39.475090000000002,-121.31480000000001,YUBA,UNINCORPORATED,-121.32295936,39.474230210000002
90412314,2017,2017-03-14,9285,2017-02-24,0035,019830,,5,3,9,5800,0,1,3,,1,020,"SR-70 S/B","ERLE RD",2603.00,N,N,A,-,Y,,,,,,,,,,Y,1,1,0,1,A,-,01,23152,A,N,E,I,A,A,H,-,C,D,0,,,,,Y,Y,A,01,0,0,0,0,0,0,0,0,0,"- ","- ",39.118020000000001,-121.56671,YUBA,UNINCORPORATED,-121.56640568,39.11784222
90442766,2017,2017-04-26,9285,2017-04-22,2110,021197,,6,2,9,5800,0,3,5,,1,004,"HAMMONTON RD. S/B","HAMMONTON SMARTVILLE RD",18480.00,N,N,A,-,N,,,,,,,,,,N,2,0,1,1,A,-,03,22350,,N,F,A,A,A,A,-,D,D,0,,,Y,,Y,,C,06,1,0,0,0,0,0,0,0,1,"- ","- ",39.183349999999997,-121.42801,YUBA,UNINCORPORATED,-121.42031091,39.194545339999998
90452817,2017,2017-05-10,9285,2017-05-02,2000,019223,,2,2,9,5800,0,2,4,,2,081,"MARYSVILLE RD","FRENCHTOWN RD",1210.00,W,N,A,-,N,,,,,,,,,,Y,2,0,1,1,A,-,01,23152,A,N,E,I,A,A,H,-,D,D,0,,,,,Y,Y,A,01,1,0,0,0,0,0,0,0,0,"- ","- ",39.357059999999997,-121.28346000000001,YUBA,UNINCORPORATED,-121.28329134000001,39.357031710000001
90467119,2017,2017-05-30,9285,2017-05-23,1530,018291,,2,2,9,5800,0,2,4,,1,042,"HAMMONTON SMARTVILLE RD","DOOLITTLE DR",29040.00,E,N,A,-,Y,,,,,,,,,,Y,2,0,4,2,A,-,03,22350,,N,A,C,A,A,H,-,A,D,0,,,,,Y,,A,01,2,1,1,0,0,0,0,0,0,"- ","- ",39.193480000000001,-121.34649,YUBA,UNINCORPORATED,-121.34732311,39.193129370000001
90469092,2017,2017-06-01,9285,2017-04-25,2057,019223,,2,2,9,5800,0,1,3,,1,060,SR-70,"SILVA AVE",1205.00,S,N,A,-,Y,,,70,,,,,,,Y,1,1,0,2,A,-,11,21954,A,N,G,B,E,A,H,-,D,D,0,Y,,,,Y,,N,60,0,0,0,1,0,0,0,0,0,"- ","- ",39.17794,-121.59139999999999,YUBA,UNINCORPORATED,-121.59145814,39.177924179999998
90476503,2017,2017-06-13,9285,2017-05-31,0105,019300,,3,3,9,5800,0,1,3,,1,020,"SR-70 S/B","ERLE RD",1584.00,N,N,C,-,Y,,,,,,,,,,N,1,1,0,2,A,-,05,21202,A,N,C,G,A,B,H,-,D,A,0,,Y,,,Y,,L,04,0,0,0,0,0,1,0,0,0,"- ","- ",39.117719999999998,-121.56634,YUBA,UNINCORPORATED,-121.56358063,39.116114039999999
90490479,2017,2017-06-29,9285,2017-06-24,2225,019223,,6,3,9,5800,0,1,3,,1,060,SR-70,"SILVA AVE",1150.00,S,N,A,-,Y,,,70,,,,,,,Y,2,0,9,2,A,-,03,22350,,N,C,C,A,A,H,-,D,D,0,,,,,Y,,A,01,1,0,8,0,0,0,0,0,0,"- ","- ",39.178080000000001,-121.59146,YUBA,UNINCORPORATED,-121.59149773999999,39.178069729999997
90493770,2017,2017-07-05,9285,2017-06-25,1240,017393,,7,1,9,5800,0,2,4,,2,081,"MARYSVILLE ROAD","OREGON HILL ROAD",5280.00,E,N,A,-,N,,,,,,,,,,Y,2,0,2,1,A,-,08,22107,,N,F,A,A,A,H,-,A,D,0,,,Y,,Y,,C,02,2,0,0,0,0,0,0,0,2,"- ","- ",39.225679999999997,-121.09027,YUBA,UNINCORPORATED,-121.15052999,39.382225650000002
90498330,2017,2017-07-11,9285,2017-07-05,1423,019760,,3,2,9,5800,0,2,4,,1,041,"N. BEALE RD.","FEATHER RIVER BLVD",10.00,N,N,A,-,N,,,,,,,,,,N,2,0,1,2,A,-,11,21950,B,N,G,B,B,A,H,-,A,A,0,Y,,,,Y,,N,60,1,0,0,0,1,0,0,0,0,"- ","- ",39.125709999999998,-121.57595000000001,YUBA,UNINCORPORATED,-121.57579443,39.125695899999997
90504051,2017,2017-07-19,9285,2017-07-12,1857,020170,,3,2,9,5800,0,2,4,,1,041,"HAMMONTON SMARTVILLE RD","S. GOLDEN PARKWAY",500.00,W,N,A,-,N,,,,,,,,,,Y,2,0,1,1,A,-,08,22107,,N,E,I,A,A,H,-,A,D,0,,,Y,,Y,,C,02,1,0,0,0,0,0,0,0,1,"- ","- ",39.198349999999998,-121.31801,YUBA,UNINCORPORATED,-121.31796267,39.198350400000002
90525582,2017,2017-08-17,9285,2017-08-09,1855,018768,,3,2,9,5800,0,2,4,,1,041,"N. BEALE ROAD","AVONDALE AVE",0.00,,Y,A,-,N,,,,,,,,,,N,2,0,1,2,A,-,09,21802,A,N,D,G,A,A,H,-,A,A,0,,Y,,,Y,,D,22,1,0,0,0,0,0,1,0,0,"- ","- ",39.126089999999998,-121.56721,YUBA,UNINCORPORATED,-121.56722992,39.126129949999999
90527084,2017,2017-08-21,9285,2017-08-10,2105,021197,,4,2,9,5800,0,2,4,,1,041,"N. BEALE RD.","COLLEGE VIEW DR.",270.00,W,N,A,-,N,,,,,,,,,,N,2,0,2,3,A,-,03,22350,,N,G,B,E,A,H,-,D,D,0,Y,,Y,,Y,,C,06,1,1,0,0,2,0,0,0,0,"- ","- ",39.128079999999997,-121.53564,YUBA,UNINCORPORATED,-121.53544177000001,39.128096640000003
90528058,2017,2017-08-22,9285,2017-08-19,0945,017534,,6,1,9,5800,0,3,5,,1,002,"HICKORY LANE","ASPEN WAY",32.00,W,N,A,-,N,,,,,,,,,,N,2,0,1,1,A,-,03,22350,,N,E,I,A,A,H,-,A,D,0,,,Y,,Y,,C,02,1,0,0,0,0,0,0,0,1,"- ","- ",39.109200000000001,-121.56032,YUBA,UNINCORPORATED,-121.56033279,39.109229999999997
90543877,2017,2017-09-08,9285,2017-08-30,1244,018522,,3,1,9,5800,0,3,5,,1,004,"GRIFFITH AVE","ERLE ROAD",0.00,,Y,A,-,N,,,,,,,,,,Y,2,0,2,1,A,-,12,22450,A,N,E,I,A,A,H,-,A,A,0,,,,,Y,,D,22,1,1,0,0,0,0,0,0,0,"- ","- ",39.113860000000003,-121.52372,YUBA,UNINCORPORATED,-121.52370992,39.113869989999998
90548514,2017,2017-09-15,9285,2017-09-02,1020,017393,,6,1,9,5800,0,2,4,,1,061,"MARYSVILLE ROAD","COUNTRY TRAIL",721.00,S,N,A,-,N,,,,,,,,,,Y,2,0,3,2,A,-,08,22107,,N,B,C,A,A,H,-,A,D,0,,,,,Y,,D,22,2,0,1,0,0,0,0,0,0,"- ","- ",39.2562,-121.39742,YUBA,UNINCORPORATED,-121.39733502,39.256229529999999
90552997,2017,2017-09-21,9285,2017-09-14,0740,017118,,4,1,9,5800,0,3,5,,1,002,"POWERLINE ROAD","8TH AVENUE",27.00,N,N,B,-,N,,,,,,,,,,Y,2,0,2,3,A,-,01,23152,F,N,E,I,A,A,H,-,A,D,0,,,,,Y,,A,01,1,1,0,0,0,0,0,0,0,"- ","- ",39.093870000000003,-121.54273000000001,YUBA,UNINCORPORATED,-121.54244758999999,39.093292869999999
90575781,2017,2017-10-23,9285,2017-10-17,1755,020103,,2,2,9,5800,0,3,5,,1,006,"TANABE RD","MATTHEWS LN",3590.00,E,N,A,-,N,,,,,,,,,,N,2,0,1,1,A,-,01,23152,A,N,F,A,A,A,G,-,A,D,0,,,,,Y,Y,D,22,1,0,0,0,0,0,0,0,0,"- ","- ",39.236460000000001,-121.53231,YUBA,UNINCORPORATED,-121.53227022,39.236671999999999
90584407,2017,2017-11-01,9285,2017-10-18,2045,018632,,3,2,9,5800,0,3,5,,1,002,"LOST TRAIL DRIVE","COFFEE CREEK WAY",243.00,E,N,A,-,N,,,,,,,,,,N,2,0,1,1,A,-,01,23152,A,N,F,A,A,A,H,-,C,D,0,,,Y,,Y,Y,C,02,1,0,0,0,0,0,0,0,1,"- ","- ",39.006180000000001,-121.55936,YUBA,UNINCORPORATED,-121.55895474,39.006190009999997
90590929,2017,2017-11-09,9285,2017-11-04,1835,018768,,6,2,9,5800,0,1,3,,1,060,SR-70,"SILVA AVE",1056.00,S,N,B,-,Y,,,70,,,,,,,N,2,0,1,2,A,-,05,21202,A,N,B,G,A,A,H,-,D,D,0,,Y,,Y,Y,,L,04,1,0,0,0,0,0,1,0,0,"- ","- ",39.178539999999998,-121.59157,YUBA,UNINCORPORATED,-121.59162185,39.178525890000003
90597839,2017,2017-11-20,9285,2017-11-02,1030,015491,,4,1,9,5800,0,1,3,,1,062,"STATE ROUTE 20","SPRING VALLEY ROAD",1584.00,E,N,A,-,Y,,,20,,,,,,,Y,1,1,2,2,A,-,08,22107,,N,A,C,A,A,H,-,A,D,0,,,,,Y,,A,01,2,0,0,0,0,0,0,0,0,"- ","- ",39.221380000000003,-121.46034,YUBA,UNINCORPORATED,-121.46034057999999,39.221351890000001
90597922,2017,2017-12-04,9285,2017-11-09,1734,015491,,4,2,9,5800,0,3,5,,1,004,"SIMPSON LANE","BABBINGTON ROAD",775.00,N,N,B,-,N,,,,,,,,,,Y,2,0,1,2,A,-,01,23152,,F,C,G,A,A,H,-,D,D,0,,Y,,,Y,Y,A,01,1,0,0,0,0,0,1,0,0,"- ","- ",39.140090000000001,-121.56765,YUBA,UNINCORPORATED,-121.56747949,39.140091509999998
90613978,2017,2017-12-11,9285,2017-11-24,1600,018747,,5,2,9,5800,0,3,5,,1,002,"OSTROM ROAD","S ERLE RD",4752.00,W,N,B,-,N,,,,,,,,,,Y,2,0,2,1,A,-,03,22350,,N,F,A,A,A,H,-,A,D,0,,,,,Y,,A,01,1,0,1,0,0,0,0,0,0,"- ","- ",39.075200000000002,-121.41328,YUBA,UNINCORPORATED,-121.41259968,39.07536004
90629589,2017,2017-12-29,9285,2017-12-03,0016,019223,,7,3,9,5800,0,2,4,,2,081,"MARYSVILLE RD","COLLINS LAKE RD",975.00,N,N,C,-,N,,,,,,,,,,Y,1,1,1,1,A,-,01,23152,A,N,E,I,A,B,H,-,D,D,0,,,,,Y,Y,A,07,0,1,0,0,0,0,0,0,0,"- ","- ",39.344970000000004,-121.33301,YUBA,UNINCORPORATED,-121.33303871,39.344959019999997
90641326,2017,2018-01-17,9285,2017-12-13,1715,018108,,3,2,9,5800,0,2,4,,2,082,"LA PORTE RD.","OLD LA PORTE RD",1090.00,N,N,A,-,N,,,,,,,,,,Y,2,0,1,1,A,-,01,23152,A,N,E,I,A,A,H,-,D,D,0,,,,,Y,Y,D,22,1,0,0,0,0,0,0,0,0,"- ","- ",39.488680000000002,-121.21523999999999,YUBA,UNINCORPORATED,-121.22419997,39.485824630000003
90666257,2018,2018-02-22,9285,2018-02-14,1415,018291,,3,2,9,5800,0,3,5,,1,002,"RIVER OAKS BLVD.","MISSOURI BAR TRAIL",30.00,N,N,A,-,Y,,,,,,,,,,Y,2,0,1,1,A,-,08,22107,,N,E,I,A,A,H,-,A,D,0,,,Y,,Y,,C,02,1,0,0,0,0,0,0,0,1,"- ","- ",39.022449493408203,-121.55204772949219,YUBA,UNINCORPORATED,-121.55213165283203,39.022411346435547
90669577,2018,2019-10-15,9285,2018-02-13,1645,018475,,2,2,9,5800,0,2,4,,1,041,"N. BEALE RD","SR-70 E/B",830.00,E,N,A,-,N,,,,,,,,,,Y,2,0,1,1,A,-,01,23152,A,N,F,A,A,A,H,-,A,D,0,,,,,Y,Y,A,07,1,0,0,0,0,0,0,0,0,"- ","- ",39.129730224609375,-121.58238220214844,YUBA,UNINCORPORATED,-121.58296203613281,39.128414154052734