CASE_ID,ACCIDENT_YEAR,PROC_DATE,JURIS,COLLISION_DATE,COLLISION_TIME,OFFICER_ID,REPORTING_DISTRICT,DAY_OF_WEEK,CHP_SHIFT,POPULATION,CNTY_CITY_LOC,SPECIAL_COND,BEAT_TYPE,CHP_BEAT_TYPE,CITY_DIVISION_LAPD,CHP_BEAT_CLASS,BEAT_NUMBER,PRIMARY_RD,SECONDARY_RD,DISTANCE,DIRECTION,INTERSECTION,WEATHER_1,WEATHER_2,STATE_HWY_IND,CALTRANS_COUNTY,CALTRANS_DISTRICT,STATE_ROUTE,ROUTE_SUFFIX,POSTMILE_PREFIX,POSTMILE,LOCATION_TYPE,RAMP_INTERSECTION,SIDE_OF_HWY,TOW_AWAY,COLLISION_SEVERITY,NUMBER_KILLED,NUMBER_INJURED,PARTY_COUNT,PRIMARY_COLL_FACTOR,PCF_CODE_OF_VIOL,PCF_VIOL_CATEGORY,PCF_VIOLATION,PCF_VIOL_SUBSECTION,HIT_AND_RUN,TYPE_OF_COLLISION,MVIW,PED_ACTION,ROAD_SURFACE,ROAD_COND_1,ROAD_COND_2,LIGHTING,CONTROL_DEVICE,CHP_ROAD_TYPE,PEDESTRIAN_ACCIDENT,BICYCLE_ACCIDENT,MOTORCYCLE_ACCIDENT,TRUCK_ACCIDENT,NOT_PRIVATE_PROPERTY,ALCOHOL_INVOLVED,STWD_VEHTYPE_AT_FAULT,CHP_VEHTYPE_AT_FAULT,COUNT_SEVERE_INJ,COUNT_VISIBLE_INJ,COUNT_COMPLAINT_PAIN,COUNT_PED_KILLED,COUNT_PED_INJURED,COUNT_BICYCLIST_KILLED,COUNT_BICYCLIST_INJURED,COUNT_MC_KILLED,COUNT_MC_INJURED,PRIMARY_RAMP,SECONDARY_RAMP,LATITUDE,LONGITUDE,COUNTY,CITY,POINT_X,POINT_Y
90702709,2018,2018-04-10,9285,2018-03-28,1243,016426,,3,1,9,5800,0,3,5,,1,002,"POWERLINE RD","BEVERLY DR",51.00,S,N,A,-,N,,,,,,,,,,N,2,0,1,2,A,-,11,21954,A,N,G,B,D,A,H,-,A,D,0,Y,,,,Y,,N,60,1,0,0,0,1,0,0,0,0,"- ","- ",39.078060150146484,-121.54280853271484,YUBA,UNINCORPORATED,-121.54279327392578,39.078098297119141
90703109,2018,2018-04-11,9285,2018-03-15,1635,018986,,4,2,9,5800,0,2,4,,2,082,"LA PORTE RD","NEW YORK HOUSE RD",261.00,E,N,D,-,N,,,,,,,,,,Y,2,0,1,1,A,-,08,22107,,N,E,I,A,C,H,-,A,D,0,,,,,Y,,D,22,1,0,0,0,0,0,0,0,0,"- ","- ",39.482551574707031,-121.24088287353516,YUBA,UNINCORPORATED,-121.24082946777344,39.482559204101562
90757339,2018,2018-06-27,9285,2018-06-22,0605,018986,,5,1,9,5800,0,2,4,,2,081,"WILLOW GLEN ROAD","MEADOW LN",2070.00,S,N,A,-,N,,,,,,,,,,Y,2,0,2,2,A,-,01,23152,F,N,A,C,A,A,H,-,B,D,0,,,,,Y,,A,01,2,0,0,0,0,0,0,0,0,"- ","- ",39.403331756591797,-121.31031799316406,YUBA,UNINCORPORATED,-121.31340026855469,39.395374298095703
90762516,2018,2018-07-04,9285,2018-06-24,0120,020106,,7,3,9,5800,0,2,4,,1,042,"HAMMONTON SMARTVILLE ROAD","MAPES WAY",112.00,E,N,A,-,N,,,,,,,,,,Y,2,0,1,2,A,-,01,23152,A,N,C,G,A,A,H,-,C,D,0,,Y,,,Y,Y,A,01,1,0,0,0,0,0,1,0,0,"- ","- ",39.135398864746094,-121.54737854003906,YUBA,UNINCORPORATED,-121.54754638671875,39.13531494140625
90765966,2018,2018-07-10,9285,2018-06-29,0100,018986,,5,3,9,5800,0,3,5,,1,006,"RAMIREZ RD","TANABE RD",70.00,N,N,A,-,N,,,,,,,,,,Y,2,0,2,3,A,-,08,22107,,F,G,B,F,A,H,-,D,D,0,Y,,,,Y,,A,01,1,1,0,0,1,0,0,0,0,"- ","- ",39.265419006347656,-121.52961730957031,YUBA,UNINCORPORATED,-121.52964019775391,39.265472412109375
90773504,2018,2018-07-20,9285,2018-07-14,2045,020096,,6,2,9,5800,0,3,5,,1,002,"CAMP FAR WEST RD","WINTUN WAY",333.00,W,N,A,-,Y,,,,,,,,,,Y,2,0,4,1,A,-,03,22350,,N,F,A,A,A,H,-,B,D,0,,,,,Y,,D,22,3,0,1,0,0,0,0,0,0,"- ","- ",39.048221588134766,-121.34171295166016,YUBA,UNINCORPORATED,-121.34175872802734,39.048194885253906
90783435,2018,2018-08-02,9285,2018-06-01,1620,018986,,5,2,9,5800,0,1,3,,1,060,SR-70,"MAYER RD",440.00,S,N,A,-,Y,,,70,,,,,,,Y,1,1,1,2,A,-,01,23152,F,N,A,C,A,A,H,-,A,D,0,,,,,Y,,A,07,1,0,0,0,0,0,0,0,0,"- ","- ",39.185901641845703,-121.59358215332031,YUBA,UNINCORPORATED,-121.59362030029297,39.185890197753906
90814901,2018,2018-09-17,9285,2018-08-25,0030,019478,,6,3,9,5800,0,3,5,,1,002,"PLUMAS ARBOGA RD","FORTY MILE RD",500.00,W,N,A,-,N,,,,,,,,,,N,2,0,1,2,A,-,08,22107,,F,G,B,E,A,H,-,D,D,0,Y,,,,Y,,-,99,1,0,0,0,1,0,0,0,0,"- ","- ",39.029258728027344,-121.51664733886719,YUBA,UNINCORPORATED,-121.51682281494141,39.028953552246094
90821293,2018,2018-09-26,9285,2018-09-01,0235,019830,,6,3,9,5800,0,3,5,,1,002,"6TH AVENUE","WESTERN AVE",680.00,W,N,A,-,N,,,,,,,,,,Y,2,0,1,1,A,-,01,23152,A,N,E,I,A,A,H,-,D,A,0,,,,,Y,Y,D,22,1,0,0,0,0,0,0,0,0,"- ","- ",39.098140716552734,-121.55864715576172,YUBA,UNINCORPORATED,-121.55851745605469,39.098133087158203
90821294,2018,2018-09-26,9285,2018-09-09,0100,018522,,7,3,9,5800,0,3,5,,1,006,"WALNUT AVENUE","CAROL COURT",320.00,E,N,A,-,N,,,,,,,,,,Y,2,0,1,1,A,-,01,23152,A,N,F,J,A,A,H,-,D,D,0,,,,,Y,Y,D,22,1,0,0,0,0,0,0,0,0,"- ","- ",39.191188812255859,-121.52010345458984,YUBA,UNINCORPORATED,-121.51986694335938,39.191532135009766
90853050,2018,2019-01-31,9285,2018-11-04,1450,019478,,7,2,9,5800,0,3,5,,1,002,"PASADO RD","S GLEDHILL AVE",0.00,,Y,A,-,N,,,,,,,,,,Y,1,1,0,2,A,-,01,23152,A,N,D,C,A,A,H,-,A,A,0,,,Y,,Y,Y,C,02,0,0,0,0,0,0,0,1,0,"- ","- ",39.112838745117188,-121.56746673583984,YUBA,UNINCORPORATED,-121.56742095947266,39.112819671630859
90869009,2018,2018-11-28,9285,2018-11-17,1555,016343,,6,2,9,5800,0,3,5,,1,002,"POWERLINE RD","8TH AVENUE",100.00,N,N,A,-,N,,,,,,,,,,Y,2,0,1,1,A,-,03,22350,,N,F,A,A,A,H,-,A,D,0,,,Y,,Y,,C,02,1,0,0,0,0,0,0,0,1,"- ","- ",39.093471527099609,-121.54247283935547,YUBA,UNINCORPORATED,-121.54249572753906,39.093490600585938
90883499,2018,2018-12-14,9285,2018-12-11,1835,019401,,2,2,9,5800,0,2,4,,2,021,"FEATHER RIVER BLVD","MYRNA AVE",3000.00,S,N,A,-,N,,,,,,,,,,Y,2,0,1,2,A,-,05,21650,,N,A,G,A,A,H,-,D,D,0,,Y,,,Y,,L,04,1,0,0,0,0,0,1,0,0,"- ","- ",39.092399597167969,-121.57890319824219,YUBA,UNINCORPORATED,-121.57888793945312,39.093276977539062
90889853,2018,2018-12-26,9285,2018-12-15,0120,019223,,6,3,9,5800,0,2,4,,1,041,"N. BEALE RD ON RAMP TO SR-70 N/B","SHAD ROAD",9.00,N,N,B,-,Y,,,,,,,,,,Y,1,1,0,2,A,-,01,23152,A,F,G,B,F,B,H,-,C,D,0,Y,,,,Y,Y,A,07,0,0,0,1,0,0,0,0,0,"- ","- ",39.129219055175781,-121.58405303955078,YUBA,UNINCORPORATED,,
90898342,2018,2019-01-07,9285,2018-12-24,2155,019830,,1,2,9,5800,0,2,4,,1,041,"N. BEALE RD","LINDHURST AVE",0.00,,Y,B,-,N,,,,,,,,,,Y,2,0,5,2,A,-,01,23152,A,N,D,C,A,B,H,-,C,A,0,,,,,Y,Y,A,01,2,3,0,0,0,0,0,0,0,"- ","- ",39.124931335449219,-121.57099151611328,YUBA,UNINCORPORATED,-121.57099914550781,39.124568939208984
90908403,2019,2019-01-22,9285,2019-01-12,1740,019478,,6,2,9,5800,0,3,5,,1,004,"ERLE RD","EDGEWATER CIR",0.00,,Y,A,-,N,,,,,,,,,,N,2,0,1,2,A,-,08,22100,B,N,D,G,A,A,H,-,D,A,0,,Y,,,Y,,L,04,1,0,0,0,0,0,1,0,0,"- ","- ",39.113330841064453,-121.55423736572266,YUBA,UNINCORPORATED,-121.55433654785156,39.113349914550781
90915331,2018,2019-01-30,9285,2018-12-28,0003,020096,,5,3,9,5800,0,3,5,,1,004,"BOULDER WAY","MOSSWOOD LN",89.00,S,N,B,-,N,,,,,,,,,,Y,2,0,2,1,A,-,03,22350,,N,F,A,A,A,H,-,D,D,0,,,,,Y,,A,07,1,1,0,0,0,0,0,0,0,"- ","- ",39.174209594726562,-121.29783630371094,YUBA,UNINCORPORATED,-121.29801177978516,39.173980712890625
90944807,2019,2019-07-01,9285,2019-02-21,0735,015416,,4,1,9,5800,0,3,5,,1,004,"HAMMONTON SMARTVILLE RD","LOWE AVE",0.00,,Y,A,-,N,,,,,,,,,,N,1,1,0,2,A,-,10,21950,A,N,G,B,D,A,H,-,A,A,0,Y,,,,Y,,A,01,0,0,0,1,0,0,0,0,0,"- ","- ",39.125019073486328,-121.55982971191406,YUBA,UNINCORPORATED,-121.55996704101562,39.124870300292969
90993699,2019,2019-05-22,9285,2019-05-12,0340,018522,,7,3,9,5800,0,1,3,,1,060,SR-70,"LAURELLEN RD",2640.00,S,N,A,-,Y,,,70,,,,,,,N,2,0,2,3,A,-,08,22107,,F,G,B,E,A,H,-,D,D,0,Y,,,,Y,,D,22,2,0,0,0,2,0,0,0,0,"- ","- ",39.166248321533203,-121.59044647216797,YUBA,UNINCORPORATED,-121.59050750732422,39.166259765625
91016242,2019,2019-06-24,9285,2019-06-13,1715,018291,,4,2,9,5800,0,2,4,,2,025,SR-65,"DAIRY RD",171.00,S,N,A,-,Y,,,65,,,,,,,Y,2,0,2,2,A,-,08,22107,,N,A,C,A,A,H,-,A,D,0,,,,,Y,,A,07,2,0,0,0,0,0,0,0,0,"- ","- ",39.025909423828125,-121.45043182373047,YUBA,UNINCORPORATED,-121.45041656494141,39.025932312011719
91023393,2019,2019-07-02,9285,2019-06-25,1545,018768,,2,2,9,5800,0,3,5,,1,002,"BLACKFORD RD","CAMP FAR WEST RD",1056.00,E,N,A,-,N,,,,,,,,,,Y,2,0,1,1,A,-,08,22107,,N,E,I,A,A,H,-,A,D,0,,,,,Y,,A,01,1,0,0,0,0,0,0,0,0,"- ","- ",39.052181243896484,-121.31877899169922,YUBA,UNINCORPORATED,-121.31858062744141,39.052074432373047
91030694,2019,2019-07-15,9285,2019-07-03,1009,018291,,3,1,9,5800,0,3,5,,1,004,"PARK AVE.","N. BEALE RD.",0.00,,Y,A,-,N,,,,,,,,,,Y,2,0,2,2,A,-,09,21802,A,N,D,C,A,A,H,-,A,A,0,,,,,Y,,A,01,1,0,1,0,0,0,0,0,0,"- ","- ",39.127548217773438,-121.55857849121094,YUBA,UNINCORPORATED,-121.55850219726562,39.127559661865234
91042838,2019,2019-09-30,9285,2019-07-22,2235,019085,,1,3,9,5800,0,1,3,,1,060,SR-70,"NOBLE ROAD",1805.00,S,N,A,-,Y,,,70,,,,,,,Y,1,1,0,1,A,-,08,22107,,N,E,I,A,A,H,-,D,D,0,,,,,Y,,A,01,0,0,0,0,0,0,0,0,0,"- ","- ",39.203079223632812,-121.5950927734375,YUBA,UNINCORPORATED,-121.59500885009766,39.203083038330078
91047561,2019,2019-08-07,9285,2019-07-28,2110,019478,,7,2,9,5800,0,1,3,,1,020,SR-70,"FEATHER RIVER BLVD",4224.00,S,N,A,-,Y,,,70,,,,,,,Y,2,0,3,3,A,-,03,22350,,N,C,C,A,A,D,-,D,A,0,,,,,Y,,A,07,2,1,0,0,0,0,0,0,0,"- ","- ",39.117420196533203,-121.56529998779297,YUBA,UNINCORPORATED,-121.56531524658203,39.117401123046875
91051417,2019,2019-08-20,9285,2019-08-10,2020,020096,,6,2,9,5800,0,1,3,,1,020,"SR-70 SB","ERLE ROAD",0.00,,Y,B,-,Y,,,,,,,,,,Y,1,1,0,1,A,-,03,22350,,N,E,I,A,A,H,-,A,A,0,,,,,Y,,A,01,0,0,0,0,0,0,0,0,0,"- ","- ",39.112781524658203,-121.56037902832031,YUBA,UNINCORPORATED,-121.5594482421875,39.11322021484375
91065567,2019,2019-11-20,9285,2019-08-26,1500,019223,,1,2,9,5800,0,3,5,,1,002,"FORTY MILE RD","OLD 40 MILE RD",24.00,S,N,A,-,N,,,,,,,,,,Y,1,1,0,1,A,-,08,22107,,N,E,I,A,A,H,-,A,D,0,,,,,Y,,D,22,0,0,0,0,0,0,0,0,0,"- ","- ",39.020599365234375,-121.50615692138672,YUBA,UNINCORPORATED,-121.50617980957031,39.020587921142578
91080545,2019,2019-09-23,9285,2019-09-09,0900,015976,,1,1,9,5800,0,2,4,,1,042,"HAMMONTON SMARTSVILLE RD","DANTONI RD",0.00,,Y,A,-,N,,,,,,,,,,Y,1,1,1,2,A,-,09,21802,A,N,D,C,A,A,H,-,A,A,0,,,,Y,Y,,A,07,0,1,0,0,0,0,0,0,0,"- ","- ",39.135360717773438,-121.53331756591797,YUBA,UNINCORPORATED,-121.53311157226562,39.135421752929688
91083887,2019,2019-10-08,9285,2019-09-24,0700,014878,,2,1,9,5800,0,2,4,,2,025,SR-65,"OAKLEY LN",0.00,,Y,A,-,Y,,,65,,,,,,,Y,2,0,2,2,A,-,09,21802,A,N,D,C,A,A,H,-,B,A,0,,,,,Y,,A,01,1,0,1,0,0,0,0,0,0,"- ","- ",39.034561157226562,-121.46259307861328,YUBA,UNINCORPORATED,-121.46265411376953,39.034469604492188
91083928,2019,2019-09-26,9285,2019-09-24,1530,018768,,2,2,9,5800,0,3,5,,1,002,"FORTY MILE RD","LEACH RD",0.00,,Y,A,-,N,,,,,,,,,,Y,2,0,4,2,A,-,09,21801,A,N,D,C,A,A,H,-,A,A,0,,,,,Y,,A,07,2,2,0,0,0,0,0,0,0,"- ","- ",39.002998352050781,-121.49559783935547,YUBA,UNINCORPORATED,-121.49555206298828,39.002971649169922
91100950,2019,2020-02-06,9285,2019-10-12,0050,019253,,6,3,9,5800,0,1,3,,1,060,SR-70,"LAURELLEN RD",350.00,N,N,A,-,Y,,,70,,,,,,,N,2,0,1,1,A,-,03,22350,,N,E,I,A,A,H,-,D,D,0,,,,,Y,,K,45,1,0,0,0,0,0,0,0,0,"- ","- ",39.170951843261719,-121.58992767333984,YUBA,UNINCORPORATED,-121.58985900878906,39.170944213867188
91113932,2019,2020-01-07,9285,2019-10-26,0005,019253,,6,3,9,5800,0,2,4,,2,025,"SR-65 N/B","OAKLEY LANE",180.00,N,N,A,-,Y,,,65,,,,,,N,Y,2,0,1,2,A,-,05,21460,A,F,A,C,A,A,H,-,D,D,0,,,,,Y,,A,01,1,0,0,0,0,0,0,0,0,"- ","- ",39.034660339355469,-121.46280670166016,YUBA,UNINCORPORATED,-121.46285247802734,39.03460693359375
91123645,2019,2019-11-19,9285,2019-11-09,1250,016052,,6,1,9,5800,0,2,4,,1,061,"LOMA RICA RD","LOOP RD",50.00,E,N,A,-,N,,,,,,,,,,Y,2,0,3,2,A,-,05,21460,A,N,B,C,A,A,H,-,A,D,0,,,Y,,Y,,C,02,2,0,1,0,0,0,0,0,2,"- ","- ",39.314010620117188,-121.41374969482422,YUBA,UNINCORPORATED,-121.41386413574219,39.313999176025391
91151064,2019,2019-12-23,9285,2019-12-11,0615,015976,,3,1,9,5800,0,2,4,,1,061,"MARYSVILLE RD.","LOMA RICA RD",550.00,S,N,C,-,N,,,,,,,,,,N,2,0,1,2,A,-,11,21954,A,N,G,B,E,B,G,-,D,D,0,Y,,,,Y,,N,60,1,0,0,0,1,0,0,0,0,"- ","- ",39.326839447021484,-121.34272003173828,YUBA,UNINCORPORATED,-121.34259796142578,39.327182769775391
91161959,2020,2020-01-08,9285,2020-01-03,1820,019478,,5,2,9,5800,0,3,5,,1,006,"JACK SLOUGH RD","KIMBALL LN",1056.00,S,N,A,-,N,,,,,,,,,,Y,2,0,1,1,A,-,08,22107,,N,F,A,A,A,H,-,D,A,0,,,,,Y,,A,07,1,0,0,0,0,0,0,0,0,"- ","- ",39.176540374755859,-121.573486328125,YUBA,UNINCORPORATED,-121.57273101806641,39.176769256591797
91190589,2020,2020-02-20,9285,2020-02-16,0905,020224,,7,1,9,5800,0,2,4,,2,081,"MARYSVILLE RD","MIDDLE BROOK WAY",7635.00,W,N,A,-,N,,,,,,,,,,Y,1,1,0,1,A,-,08,22107,,N,E,I,A,A,H,-,A,D,0,,,,,Y,,A,01,0,0,0,0,0,0,0,0,0,"- ","- ",39.364749908447266,-121.17558288574219,YUBA,UNINCORPORATED,-121.17552947998047,39.364765167236328
91206042,2020,2020-03-11,9285,2020-03-10,2240,019085,,2,3,9,5800,0,2,4,,1,061,"MARYSVILLE RD","BALD MOUNTAIN RD",862.00,S,N,B,-,N,,,,,,,,,,Y,2,0,1,1,A,-,08,22107,,N,F,A,A,A,H,-,D,D,0,,,,,Y,,A,01,1,0,0,0,0,0,0,0,0,"- ","- ",39.259700775146484,-121.39557647705078,YUBA,UNINCORPORATED,-121.39559936523438,39.259693145751953
91228614,2020,2020-04-22,9285,2020-04-12,2112,018986,,7,2,9,5800,0,2,4,,1,042,"HAMMONTON SMARTVILLE RD","SIMPSON LN",0.00,,Y,B,-,N,,,,,,,,,,Y,2,0,2,2,A,-,08,22107,,F,A,C,A,A,H,-,C,A,0,,,,,Y,,D,22,1,0,1,0,0,0,0,0,0,"- ","- ",39.134510040283203,-121.5518798828125,YUBA,UNINCORPORATED,-121.55197906494141,39.134410858154297
91255925,2020,2020-06-23,9285,2020-06-16,1733,018632,,2,2,9,5800,0,3,5,,1,004,"SIMPSON LN","DAVIS ROAD",564.00,W,N,A,-,N,,,,,,,,,,N,2,0,1,2,A,-,11,21956,,N,G,B,E,A,H,-,A,D,0,Y,,,,Y,,N,60,1,0,0,0,1,0,0,0,0,"- ","- ",39.14215087890625,-121.57730102539062,YUBA,UNINCORPORATED,-121.57730865478516,39.142154693603516
91262044,2020,2020-07-20,9285,2020-06-21,1752,018986,,7,2,9,5800,0,2,4,,1,061,"LOMA RICA ROAD","LAS QUINTAS WAY",0.00,,Y,A,-,N,,,,,,,,,,Y,1,1,2,2,A,-,09,21802,A,N,D,C,A,A,H,-,A,A,0,,,Y,,Y,,A,07,0,2,0,0,0,0,0,1,0,"- ","- ",39.242519378662109,-121.50269317626953,YUBA,UNINCORPORATED,-121.50273132324219,39.242519378662109
91267142,2020,2020-07-16,9285,2020-06-30,2153,020454,,2,2,9,5800,0,2,4,,1,041,"NORTH BEALE ROAD E/B","WALMART CENTER DRIVE",27.00,W,N,A,-,N,,,,,,,,,,Y,1,1,0,2,A,-,03,22350,,F,C,C,A,A,H,-,D,A,0,,,Y,,Y,,A,01,0,0,0,0,0,0,0,1,0,"- ","- ",39.125198364257812,-121.57328796386719,YUBA,UNINCORPORATED,-121.57441711425781,39.125446319580078
91270960,2020,2020-07-20,9285,2020-07-09,0625,016052,,4,1,9,5800,0,1,3,,1,020,SR-70,"OLIVEHURST AVE",1355.00,N,N,A,-,Y,,,70,,,,,,,Y,2,0,1,1,A,-,08,22107,,N,E,I,A,A,H,-,A,D,0,,,,,Y,,A,01,1,0,0,0,0,0,0,0,0,"- ","- ",39.105159759521484,-121.55329132080078,YUBA,UNINCORPORATED,-121.55324554443359,39.105194091796875
91271095,2020,2020-07-20,9285,2020-07-12,1935,021920,,7,2,9,5800,0,2,4,,1,042,"HAMMONTON SMARTVILLE RD","HAMILTON RD",1742.00,W,N,A,-,N,,,,,,,,,,N,2,0,1,1,A,-,08,22107,,N,F,D,A,A,H,-,A,D,0,,,,,Y,,A,01,1,0,0,0,0,0,0,0,0,"- ","- ",39.162368774414062,-121.45636749267578,YUBA,UNINCORPORATED,-121.45631408691406,39.162174224853516
91275080,2020,2020-07-27,9285,2020-07-18,2303,021460,,6,3,9,5800,0,3,5,,1,006,"CHUCK YEAGER RD","DAUGHERTY RD",718.00,S,N,A,-,N,,,,,,,,,,Y,2,0,1,1,A,-,01,23152,A,N,E,I,A,A,H,-,D,A,0,,,,,Y,Y,A,07,1,0,0,0,0,0,0,0,0,"- ","- ",39.182571411132812,-121.30470275878906,YUBA,UNINCORPORATED,-121.30471038818359,39.182174682617188
91275107,2020,2020-07-27,9285,2020-07-18,1845,020070,,6,2,9,5800,0,3,5,,1,002,"CEDAR LN.","POPLAR AVE",0.00,,Y,A,-,N,,,,,,,,,,N,2,0,2,2,A,-,09,21802,A,N,B,C,A,A,H,-,A,A,0,,,Y,,Y,,A,07,1,1,0,0,0,0,0,0,2,"- ","- ",39.123561859130859,-121.58296203613281,YUBA,UNINCORPORATED,-121.58299255371094,39.123508453369141
9128034,2020,2020-11-14,5801,2020-06-14,1301,326,"YUBA ",7,5,3,5801,0,0,0,,0,5801,"E ST","3RD ST",800.00,S,N,A,-,Y,YUB,3,70,-,-,14.200,H,-,E,N,2,0,1,2,A,-,11,21956,A,N,G,B,E,A,H,-,A,D,0,Y,,,,Y,Y,N,60,1,0,0,0,1,0,0,0,0,"- ","- ",,,YUBA,MARYSVILLE,-121.59011840820312,39.137313842773438
91284061,2020,2020-08-11,9285,2020-08-02,1735,021025,,7,2,9,5800,0,1,3,,1,020,"SR-70 S/B","FEATHER RIVER BLVD OVERCROSSING",1300.00,S,N,A,-,Y,,,,,,,,,,Y,1,1,0,1,A,-,08,22107,,N,E,I,A,A,H,-,A,D,0,,,,,Y,,D,22,0,0,0,0,0,0,0,0,0,"- ","- ",38.974529266357422,-121.54334259033203,YUBA,UNINCORPORATED,-121.57358551025391,39.122196197509766
91300384,2020,2020-09-08,9285,2020-09-01,0045,021920,,2,3,9,5800,0,3,5,,1,002,"OAKLEY LN","DAIRY RD",2851.00,N,N,A,-,N,,,,,,,,,,N,2,0,2,3,A,-,08,22107,,F,C,C,F,A,H,-,D,D,0,Y,,,,Y,Y,-,99,1,1,0,0,1,0,0,0,0,"- ","- ",39.031238555908203,-121.46099853515625,YUBA,UNINCORPORATED,-121.46099853515625,39.031181335449219
91300442,2020,2020-09-08,9285,2020-08-26,1930,020070,,3,2,9,5800,0,3,5,,1,008,"FRENCHTOWN RD","NEW YORK HOUSE RD",5000.00,S,N,F,-,N,,,,,,,,,,Y,2,0,1,1,A,-,03,22350,,N,E,I,A,A,H,-,D,D,0,,,,,Y,,D,23,1,0,0,0,0,0,0,0,0,"- ","- ",39.429908752441406,-121.26400756835938,YUBA,UNINCORPORATED,-121.26075744628906,39.426689147949219
91313664,2020,2020-09-28,9285,2020-09-16,1525,015491,,3,2,9,5800,0,1,3,,1,020,"STATE ROUTE 70","ERLE ROAD",160.00,S,N,A,-,Y,,,70,,,,,,,Y,2,0,1,3,A,-,17,23114,A,N,F,A,A,A,H,-,A,D,0,,,Y,,Y,,D,22,1,0,0,0,0,0,0,0,1,"- ","- ",39.112751007080078,-121.55873107910156,YUBA,UNINCORPORATED,-121.55868530273438,39.112785339355469
91371205,2020,2020-12-18,9285,2020-12-11,1720,017393,,5,2,9,5800,0,2,4,,2,081,"MARYSVILLE ROAD","LEAHS WAY",660.00,N,N,B,-,N,,,,,,,,,,Y,2,0,2,2,A,-,08,22107,,N,A,C,A,B,H,-,D,D,0,,,,,Y,,A,01,1,1,0,0,0,0,0,0,0,"- ","- ",39.348159790039062,-121.33058929443359,YUBA,UNINCORPORATED,-121.33055114746094,39.348171234130859
91372825,2020,2020-12-22,9285,2020-12-11,1705,020106,,5,2,9,5800,0,1,3,,1,060,SR-70,"MAGNOLIA RD",0.00,,N,C,-,Y,,,70,,,,,,,Y,1,1,0,1,A,-,08,22107,,N,E,I,A,B,H,-,D,D,0,,,,,Y,Y,A,01,0,0,0,0,0,0,0,0,0,"- ","- ",39.235328674316406,-121.60045623779297,YUBA,UNINCORPORATED,-121.60035705566406,39.235321044921875
91372886,2020,2020-12-22,9285,2020-12-05,1135,015491,,6,1,9,5800,0,1,3,,1,020,"STATE ROUTE 70","ERLE ROAD",250.00,S,N,A,-,Y,,,70,,,,,,,N,2,0,1,2,A,-,03,22350,,N,C,C,A,A,H,-,A,A,0,,,Y,,Y,,C,02,1,0,0,0,0,0,0,0,1,"- ","- ",39.109531402587891,-121.55619049072266,YUBA,UNINCORPORATED,-121.55621337890625,39.109512329101562
91374646,2020,2020-12-24,9285,2020-12-15,0605,015976,,2,1,9,5800,0,3,5,,1,004,"SIMPSON LN.","SIMPSON DANTONI RD",0.00,,N,B,-,N,,,,,,,,,,Y,2,0,1,1,A,-,03,22350,,N,E,I,A,B,H,-,C,D,0,,,,,Y,,A,01,1,0,0,0,0,0,0,0,0,"- ","- ",39.136260986328125,-121.55268859863281,YUBA,UNINCORPORATED,-121.55245971679688,39.135570526123047
91394568,2021,2021-01-26,9285,2021-01-14,0637,015491,,4,1,9,5800,0,3,5,,1,002,"FORTY MILE ROAD","OF RANCHO ROAD",390.00,S,N,E,-,N,,,,,,,,,,N,2,0,1,2,A,-,11,21956,,N,G,B,E,B,H,-,D,D,0,Y,,,,Y,Y,N,60,1,0,0,0,1,0,0,0,0,"- ","- ",39.067928314208984,-121.51274871826172,YUBA,UNINCORPORATED,-121.51232147216797,39.068778991699219