CASE_ID,ACCIDENT_YEAR,PROC_DATE,JURIS,COLLISION_DATE,COLLISION_TIME,OFFICER_ID,REPORTING_DISTRICT,DAY_OF_WEEK,CHP_SHIFT,POPULATION,CNTY_CITY_LOC,SPECIAL_COND,BEAT_TYPE,CHP_BEAT_TYPE,CITY_DIVISION_LAPD,CHP_BEAT_CLASS,BEAT_NUMBER,PRIMARY_RD,SECONDARY_RD,DISTANCE,DIRECTION,INTERSECTION,WEATHER_1,WEATHER_2,STATE_HWY_IND,CALTRANS_COUNTY,CALTRANS_DISTRICT,STATE_ROUTE,ROUTE_SUFFIX,POSTMILE_PREFIX,POSTMILE,LOCATION_TYPE,RAMP_INTERSECTION,SIDE_OF_HWY,TOW_AWAY,COLLISION_SEVERITY,NUMBER_KILLED,NUMBER_INJURED,PARTY_COUNT,PRIMARY_COLL_FACTOR,PCF_CODE_OF_VIOL,PCF_VIOL_CATEGORY,PCF_VIOLATION,PCF_VIOL_SUBSECTION,HIT_AND_RUN,TYPE_OF_COLLISION,MVIW,PED_ACTION,ROAD_SURFACE,ROAD_COND_1,ROAD_COND_2,LIGHTING,CONTROL_DEVICE,CHP_ROAD_TYPE,PEDESTRIAN_ACCIDENT,BICYCLE_ACCIDENT,MOTORCYCLE_ACCIDENT,TRUCK_ACCIDENT,NOT_PRIVATE_PROPERTY,ALCOHOL_INVOLVED,STWD_VEHTYPE_AT_FAULT,CHP_VEHTYPE_AT_FAULT,COUNT_SEVERE_INJ,COUNT_VISIBLE_INJ,COUNT_COMPLAINT_PAIN,COUNT_PED_KILLED,COUNT_PED_INJURED,COUNT_BICYCLIST_KILLED,COUNT_BICYCLIST_INJURED,COUNT_MC_KILLED,COUNT_MC_INJURED,PRIMARY_RAMP,SECONDARY_RAMP,LATITUDE,LONGITUDE,COUNTY,CITY,POINT_X,POINT_Y
91420108,2021,2021-03-03,9285,2021-02-21,1153,018291,,7,1,9,5800,0,2,4,,1,042,"HAMMONTON SMARTVILLE RD","S. GOLDEN PKWY",432.00,W,N,A,-,N,,,,,,,,,,Y,1,1,0,1,A,-,03,22350,,N,F,I,A,A,H,-,A,D,0,,,Y,,Y,,C,02,0,0,0,0,0,0,0,1,0,"- ","- ",39.198440551757812,-121.31784820556641,YUBA,UNINCORPORATED,-121.31761932373047,39.198493957519531
91445096,2021,2021-04-07,9285,2021-03-29,0621,015976,,1,1,9,5800,0,1,3,,1,060,SR-70,"CHANDLER RD",40.00,N,N,A,-,Y,,,70,,,,,,,Y,1,2,0,3,A,-,08,22107,,N,A,C,A,A,H,-,C,D,0,,,,,Y,,D,22,0,0,0,0,0,0,0,0,0,"- ","- ",39.291770935058594,-121.59500885009766,YUBA,UNINCORPORATED,-121.59493255615234,39.291770935058594
91474127,2021,2021-05-17,9285,2021-02-23,0458,019830,,2,3,9,5800,0,2,4,,1,042,"HAMMONTON SMARTSVILLE RD","HAPPY ST",250.00,E,N,A,-,N,,,,,,,,,,Y,1,1,2,2,A,-,01,23152,F,N,A,C,A,A,H,-,D,D,0,,,,,Y,,A,07,2,0,0,0,0,0,0,0,0,"- ","- ",39.135410308837891,-121.54216003417969,YUBA,UNINCORPORATED,-121.54219055175781,39.135387420654297
91474566,2021,2021-05-27,9285,2021-05-04,1159,015491,,2,1,9,5800,0,1,3,,1,020,"STATE ROUTE 70","OLIVEHURST AVENUE OVERCROSSING",2600.00,S,N,A,-,Y,,,70,,,,,,,Y,1,2,0,2,A,-,08,22107,,N,B,C,A,A,H,-,A,D,0,,,,,Y,,A,01,0,0,0,0,0,0,0,0,0,"- ","- ",39.097061157226562,-121.54412078857422,YUBA,UNINCORPORATED,-121.54422760009766,39.096969604492188
91475364,2021,2021-05-27,9285,2021-05-07,0225,018636,,5,3,9,5800,0,1,3,,1,020,SR-70,"MCGOWAN PKY",3341.00,N,N,A,-,Y,,,70,,,,,,,Y,1,1,0,2,A,-,00,21960,A,N,G,B,E,A,H,-,D,D,0,Y,,,,Y,,N,60,0,0,0,1,0,0,0,0,0,"- ","- ",39.086528778076172,-121.54183959960938,YUBA,UNINCORPORATED,-121.54188537597656,39.086536407470703
91488229,2021,2021-06-03,9285,2021-04-30,0455,020070,,5,3,9,5800,0,1,3,,1,020,"STATE ROUTE 70 SOUTHBOUND","FEATHER RIVER BLVD (SOUTH)",1775.00,N,N,A,-,Y,,,,,,,,,,Y,1,1,1,2,A,-,01,23152,F,N,E,I,A,A,H,-,D,D,0,,,,,Y,,A,01,0,1,0,0,0,0,0,0,0,"- ","- ",38.983318328857422,-121.54300689697266,YUBA,UNINCORPORATED,-121.58139801025391,39.126972198486328
91488549,2021,2021-06-03,9285,2021-05-26,2000,021920,,3,2,9,5800,0,1,3,,1,062,"WILLOW GLEN RD","PINE RIDGE DR",906.00,N,N,A,-,N,,,,,,,,,,N,2,0,2,1,A,-,08,22107,,N,E,J,A,A,H,-,A,D,0,,,,,Y,,A,01,2,0,0,0,0,0,0,0,0,"- ","- ",39.410911560058594,-121.30605316162109,YUBA,UNINCORPORATED,-121.306127,39.410853000000003
91500589,2021,2021-06-18,9285,2021-06-12,1740,018986,,6,2,9,5800,0,3,5,,1,004,"HAMMONTON ROAD","YUBA GOLDFIELDS TRAILHEAD",800.00,W,N,A,-,N,,,,,,,,,,N,1,1,0,1,A,-,03,22350,,N,F,A,A,A,H,-,A,D,0,,,,,Y,Y,M,96,0,0,0,0,0,0,0,0,0,"- ","- ",39.212841033935547,-121.40039825439453,YUBA,UNINCORPORATED,,
91518088,2021,2021-07-12,9285,2021-07-02,1838,020454,,5,2,9,5800,0,2,4,,1,041,"N. BEALE RD",AVONDALE,650.00,E,N,A,-,N,,,,,,,,,,N,2,0,2,2,A,-,08,22107,,N,D,G,A,A,H,-,A,D,0,,Y,,,Y,,L,04,1,0,1,0,0,0,1,0,0,"- ","- ",39.126869201660156,-121.56475830078125,YUBA,UNINCORPORATED,-121.56510162353516,39.126792907714844
91524923,2021,2021-07-20,9285,2021-07-14,1730,017393,,3,2,9,5800,0,3,5,,1,008,"TEXAS HILL RD","GRINDROCK WAY",10.00,E,N,A,-,N,,,,,,,,,,Y,2,0,1,1,A,-,08,22107,,N,E,I,A,A,H,-,A,D,0,,,,,Y,,A,01,1,0,0,0,0,0,0,0,0,"- ","- ",39.364749908447266,-121.21887969970703,YUBA,UNINCORPORATED,-121.21884155273438,39.364765167236328
91539953,2021,2021-08-09,9285,2021-07-30,1210,018475,,5,1,9,5800,0,1,3,,1,072,"SR20 E/B","HUMPHREY RD",1000.00,W,N,A,-,Y,,,,,,,,,,Y,2,0,1,1,A,-,08,22107,,N,F,A,A,A,H,-,A,D,0,,,,,Y,,A,01,1,0,0,0,0,0,0,0,0,"- ","- ",39.141948699951172,-121.73229217529297,YUBA,UNINCORPORATED,,
91552735,2021,2021-08-24,9285,2021-07-21,2255,019830,,3,3,9,5800,0,1,3,,1,020,SR-70,"N. BEALE ROAD",1762.00,N,N,A,-,Y,,,70,,,,,,,N,2,0,1,2,A,-,00,21461,,N,G,B,E,A,H,-,D,D,0,Y,,,,Y,,N,60,1,0,0,0,1,0,0,0,0,"- ","- ",39.129440307617188,-121.58535003662109,YUBA,UNINCORPORATED,-121.58535766601562,39.129428863525391
91554850,2021,2021-08-26,9285,2021-07-15,2150,020454,,4,2,9,5800,0,1,3,,1,020,"SR-70 S/B","FEATHER RIVER BOULEVARD",744.00,N,N,A,-,Y,,,,,,,,,,Y,1,1,0,2,A,-,07,21658,A,F,B,C,A,A,H,-,D,D,0,,,Y,,Y,,D,22,0,0,0,0,0,0,0,1,0,"- ","- ",39.125679016113281,-121.57936096191406,YUBA,UNINCORPORATED,-121.57854461669922,39.125221252441406
91560268,2021,2021-11-02,9285,2021-08-22,2210,020096,,7,3,9,5800,0,3,5,,1,008,"OLIVEHURST AVENUE","11TH AVENUE",0.00,,Y,A,-,N,,,,,,,,,,Y,2,0,2,2,A,-,12,22450,A,F,D,C,A,A,H,-,C,A,0,,,,,Y,Y,-,"- ",1,1,0,0,0,0,0,0,0,"- ","- ",39.088340759277344,-121.5518798828125,YUBA,UNINCORPORATED,-121.55184173583984,39.088016510009766
91570982,2021,2021-09-15,9285,2021-09-04,0709,018986,,6,1,9,5800,0,3,5,,1,006,"RAMIREZ ROAD","FRUITLAND RD",2030.00,S,N,A,-,N,,,,,,,,,,Y,2,0,1,1,A,-,08,22107,,F,E,I,A,A,H,-,A,D,0,,,,,Y,,A,07,1,0,0,0,0,0,0,0,0,"- ","- ",39.288959503173828,-121.52168273925781,YUBA,UNINCORPORATED,-121.52164459228516,39.289039611816406
91574220,2021,2021-09-20,9285,2021-09-11,1728,020507,,6,2,9,5800,0,3,5,,1,006,"6121 ALBERTA AVE","HAMMONTON SMARTVILLE RD",1400.00,S,N,A,-,N,,,,,,,,,,Y,2,0,1,2,A,-,01,23152,A,N,B,C,A,A,H,-,A,D,0,,,,,Y,Y,A,07,1,0,0,0,0,0,0,0,0,"- ","- ",39.132129669189453,-121.53057861328125,YUBA,UNINCORPORATED,-121.53065490722656,39.132114410400391
91596285,2021,2021-10-14,9285,2021-10-03,0621,018636,,7,1,9,5800,0,1,3,,1,062,SR-20,"LIBBY LN",250.00,E,N,A,-,Y,,,20,,,,,,,Y,1,1,2,2,A,-,05,21651,A,N,A,C,A,A,H,-,D,D,0,,,,,Y,,A,01,0,0,2,0,0,0,0,0,0,"- ","- ",39.230770111083984,-121.35896301269531,YUBA,UNINCORPORATED,-121.35888671875,39.231010437011719
91609041,2021,2021-10-28,9285,2021-10-20,0745,017393,,3,1,9,5800,0,3,5,,1,006,"CHUCK YEAGER ROAD","LORETTA LN",948.00,S,N,B,-,N,,,,,,,,,,Y,2,0,2,2,A,-,05,21460,A,N,A,C,A,B,H,-,A,D,0,,,,,Y,,A,01,2,0,0,0,0,0,0,0,0,"- ","- ",39.178081512451172,-121.30721282958984,YUBA,UNINCORPORATED,-121.30717468261719,39.178127288818359
91612171,2021,2021-11-01,9285,2021-10-17,0225,018636,,7,3,9,5800,0,3,5,,1,004,"MCGOWAN PARKWAY","RANCHO ROAD",0.00,,Y,A,-,N,,,,,,,,,,Y,1,1,0,1,A,-,03,22350,,N,E,I,A,A,H,-,D,A,0,,,,,Y,,A,01,0,0,0,0,0,0,0,0,0,"- ","- ",39.077590942382812,-121.52377319335938,YUBA,UNINCORPORATED,-121.52464294433594,39.077613830566406
91650793,2021,2021-12-13,9285,2021-11-06,1545,020507,,6,2,9,5800,0,3,5,,1,004,"EDGEWATER CIRCLE","BAYWOOD WAY",198.00,E,N,B,-,N,,,,,,,,,,N,1,1,0,1,A,-,08,22107,,M,E,I,A,B,H,-,A,D,0,,,Y,,Y,,C,02,0,0,0,0,0,0,0,1,0,"- ","- ",39.117691040039062,-121.54638671875,YUBA,UNINCORPORATED,-121.54640960693359,39.117630004882812
91677387,2021,2022-01-13,9285,2021-12-12,1423,018986,,7,2,9,5800,0,1,3,,1,020,"SR-70 N/B","MCGOWAN PRKY",5966.00,S,N,C,G,Y,,,,,,,,,,Y,1,1,2,1,A,-,03,22350,,N,E,I,A,B,H,-,A,D,0,,,,,Y,Y,A,07,0,2,0,0,0,0,0,0,0,"- ","- ",39.061191558837891,-121.54319763183594,YUBA,UNINCORPORATED,-121.54142761230469,39.065475463867188
91700075,2022,2022-02-14,9285,2022-02-05,2118,020224,,6,2,9,5800,0,2,4,,2,081,"MARYSVILLE RD","OREGON HILL RD",2218.00,W,N,A,-,N,,,,,,,,,,Y,2,0,2,2,A,-,01,23152,A,N,A,C,A,A,H,-,D,D,0,,,,,Y,Y,A,07,2,0,0,0,0,0,0,0,0,"- ","- ",39.372390747070312,-121.16622924804688,YUBA,UNINCORPORATED,-121.16620635986328,39.371646881103516
91714735,2022,2022-03-10,9285,2022-02-26,2114,018986,,6,2,9,5800,0,2,4,,1,022,"ARBOGA RD","REDWOOD AVE",36.00,N,N,A,-,N,,,,,,,,,,Y,2,0,2,2,A,-,05,21651,A,F,A,C,A,A,H,-,C,D,0,,,,,Y,,A,01,2,0,0,0,0,0,0,0,0,"- ","- ",39.119518280029297,-121.57370758056641,YUBA,UNINCORPORATED,-121.57369232177734,39.119495391845703
91720753,2022,2022-03-11,9285,2022-03-07,0145,021025,,1,3,9,5800,0,1,3,,1,020,"SR-70 N/B","FEATHER RIVER BLVD",2000.00,N,N,A,-,Y,YUB,,70,,R,0.824,H,,R,Y,2,0,1,1,A,-,08,22107,,F,E,I,A,A,H,-,D,D,0,,,,,Y,,A,07,1,0,0,0,0,0,0,0,0,"- ","- ",38.984489440917969,-121.54293823242188,YUBA,UNINCORPORATED,-121.54298400878906,38.984489440917969
91723337,2021,2022-03-15,9285,2021-10-12,0700,017393,,2,1,9,5800,0,2,4,,1,042,"HAMMONTON SMARTVILLE RD","LAUGHLIN ROAD",3168.00,W,N,A,-,N,,,,,,,,,,Y,1,1,1,2,A,-,08,22107,,N,A,C,A,A,H,-,A,D,0,,,,,Y,,A,01,0,0,1,0,0,0,0,0,0,"- ","- ",39.176761627197266,-121.40141296386719,YUBA,UNINCORPORATED,,
91727007,2022,2022-03-18,9285,2022-03-13,1820,020224,,7,2,9,5800,0,3,5,,1,008,"CHALLENGE CUT OFF RD","SLATE RD",225.00,E,N,A,-,N,,,,,,,,,,Y,2,0,1,1,A,-,08,22107,,N,F,A,A,A,H,-,A,D,0,,,Y,,Y,,C,02,1,0,0,0,0,0,0,0,1,"- ","- ",39.490398406982422,-121.24540710449219,YUBA,UNINCORPORATED,-121.2451171875,39.489814758300781
91741996,2022,2022-04-06,9285,2022-02-09,1440,019223,,3,2,9,5800,0,1,3,,1,020,"SR-70 N/B","MCGOWAN PKWY",2584.00,N,N,A,-,Y,YUB,,70,,R,7.853,H,,R,Y,1,1,1,1,A,-,08,22107,,N,E,I,A,A,H,-,A,D,0,,,,,Y,,-,"- ",1,0,0,0,0,0,0,0,0,"- ","- ",39.084678649902344,-121.54167938232422,YUBA,UNINCORPORATED,-121.54171752929688,39.084682464599609
91743478,2022,2022-04-07,9285,2022-03-31,0020,020070,,4,3,3,5801,0,1,3,,1,062,SR-20,"VALHALLA WAY",1000.00,E,N,A,-,Y,YUB,,20,,,14.316,H,,R,Y,2,0,1,1,A,-,01,23152,A,N,F,A,A,A,H,-,D,D,0,,,,,Y,Y,-,"- ",1,0,0,0,0,0,0,0,0,"- ","- ",39.229961395263672,-121.39421844482422,YUBA,MARYSVILLE,-121.39423370361328,39.229850769042969
91744230,2022,2022-04-08,9285,2022-03-27,0735,018291,,7,1,9,5800,0,3,5,,1,002,"FORTY MILE RD.","PLUMAS ARBOGA RD.",2400.00,N,N,A,-,N,,,,,,,,,,Y,2,0,1,1,A,-,08,22107,,M,E,I,A,A,H,-,A,D,0,,,,,Y,,A,01,1,0,0,0,0,0,0,0,0,"- ","- ",39.036251068115234,-121.51495361328125,YUBA,UNINCORPORATED,-121.51502227783203,39.036594390869141
91745424,2022,2022-06-01,9285,2022-04-03,1000,017393,,7,1,9,5800,0,2,4,,1,042,"HAMMONTON-SMARTSVILLE RD","BOXWOOD WAY",3168.00,E,N,A,-,N,,,,,,,,,,Y,2,0,2,2,A,-,03,22350,,N,B,C,A,A,H,-,A,D,0,,,Y,,Y,,C,02,1,1,0,0,0,0,0,0,2,"- ","- ",39.191791534423828,-121.36781311035156,YUBA,UNINCORPORATED,-121.36707305908203,39.192127227783203
91770680,2022,2022-05-12,9285,2022-05-06,2105,020096,,5,2,9,5800,0,2,4,,2,021,"FEATHER RIVER BOULEVARD","GARDEN AVENUE",236.00,W,N,A,-,N,,,,,,,,,,N,2,0,1,2,A,-,11,21954,A,N,G,B,D,A,H,-,D,D,0,Y,,,,Y,,N,60,1,0,0,0,1,0,0,0,0,"- ","- ",39.122409820556641,-121.57945251464844,YUBA,UNINCORPORATED,-121.57933807373047,39.122482299804688
91774895,2022,2022-05-18,9285,2022-05-12,1816,020096,,4,2,9,5800,0,3,5,,1,002,"ERLE ROAD","DUGGIN STREET",1426.00,S,N,A,-,N,,,,,,,,,,Y,2,0,1,1,A,-,01,23152,,N,E,I,A,A,H,-,A,D,0,,,,,Y,Y,A,01,1,0,0,0,0,0,0,0,0,"- ","- ",39.106731414794922,-121.50418853759766,YUBA,UNINCORPORATED,-121.50019073486328,39.099689483642578
91786260,2022,2022-06-01,9285,2022-05-22,0320,020379,,7,3,9,5800,0,3,5,,1,002,"SMARTVILLE ROAD","WALSH LANE",85.00,S,N,A,-,Y,,,,,,,,,,Y,2,0,1,1,A,-,08,22107,,N,E,I,A,A,H,-,D,D,0,,,,,Y,,-,"- ",1,0,0,0,0,0,0,0,0,"- ","- ",39.169528961181641,-121.31690216064453,YUBA,UNINCORPORATED,,
91786647,2022,2022-06-02,9285,2022-05-20,1000,016052,,5,1,9,5800,0,3,5,,1,006,"MATHEWS LANE","WOODRUFF LANE",4585.00,N,N,A,G,N,,,,,,,,,,Y,1,1,0,2,A,-,08,22107,,N,D,C,A,A,H,-,A,D,0,,,Y,,Y,,C,02,0,0,0,0,0,0,0,1,0,"- ","- ",39.226318359375,-121.53893280029297,YUBA,UNINCORPORATED,-121.53897857666016,39.226203918457031
91816475,2022,2022-07-13,9285,2022-07-08,1342,021154,,5,1,9,5800,0,3,5,,1,002,"FLEMING WAY","9TH AVE",0.00,,Y,A,-,N,,,,,,,,,,Y,2,0,1,2,A,-,12,22450,A,N,D,C,A,A,H,-,A,A,0,,,,,Y,,A,01,1,0,0,0,0,0,0,0,0,"- ","- ",39.091609954833984,-121.54737854003906,YUBA,UNINCORPORATED,-121.5469970703125,39.091564178466797
91823797,2022,2022-07-25,9285,2022-07-13,0450,022294,,3,3,9,5800,0,2,4,,2,025,"SR-65 N/B","FORTY MILE RD",2165.00,N,N,A,-,Y,YUB,,65,,R,7.310,H,,R,N,1,1,0,2,A,-,08,22107,,N,C,G,A,A,H,-,B,D,0,,Y,,,Y,,D,22,0,0,0,0,0,1,0,0,0,"- ","- ",39.069320678710938,-121.51973724365234,YUBA,UNINCORPORATED,-121.51981353759766,39.069263458251953
91823800,2022,2022-07-25,9285,2022-07-13,1400,017393,,3,2,9,5800,0,3,5,,1,008,"LOS VERJELES ROAD","DRY CREEK",405.00,N,N,A,-,N,,,,,,,,,,Y,2,0,1,1,A,-,08,22107,,N,E,I,A,A,H,-,A,D,0,,,Y,,Y,,C,02,1,0,0,0,0,0,0,0,1,"- ","- ",39.367881774902344,-121.37210845947266,YUBA,UNINCORPORATED,,
91834979,2022,2022-09-26,9285,2022-08-01,0523,022125,,1,3,9,5800,0,1,3,,1,020,"ERLE RD",SR-70,0.00,,Y,A,-,N,,,,,,,,,,Y,2,0,2,2,A,-,08,22107,,N,A,C,A,A,H,-,D,D,0,,,,,Y,,D,22,1,0,1,0,0,0,0,0,0,"- ","- ",39.113140106201172,-121.56034088134766,YUBA,UNINCORPORATED,-121.55909729003906,39.113227844238281
91835292,2022,2022-08-08,9285,2022-07-31,1600,020507,,7,2,9,5800,0,3,5,,1,002,"7544 CAMP FAR WEST ROAD","WINTUM WAY",320.00,W,N,A,-,N,,,,,,,,,,Y,2,0,1,1,A,-,08,22107,,N,F,I,A,A,H,-,A,D,0,,,Y,,Y,,C,02,1,0,0,0,0,0,0,0,1,"- ","- ",39.048080444335938,-121.34168243408203,YUBA,UNINCORPORATED,-121.34171295166016,39.048194885253906
91862326,2022,2022-09-12,9230,2022-07-12,1635,019235,,2,2,9,5800,0,1,3,,1,081,SR-49,"MARYSVILLE RD",1056.00,S,N,A,-,Y,YUB,,49,,,3.381,H,,R,Y,1,1,0,1,A,-,01,23152,G,N,E,8,A,A,H,-,A,D,0,,,,,Y,Y,D,22,0,0,0,0,0,0,0,0,0,"- ","- ",39.435810089111328,-121.07212066650391,YUBA,UNINCORPORATED,-121.07213592529297,39.435825347900391
91867855,2022,2022-09-19,9285,2022-09-10,0215,021025,,6,3,9,5800,0,3,5,,1,006,"TANABE RD","MATHEWS LN",4830.00,E,N,A,-,N,,,,,,,,,,Y,2,0,1,1,A,-,01,23152,A,N,F,A,A,A,B,-,D,D,0,,,,,Y,Y,A,07,1,0,0,0,0,0,0,0,0,"- ","- ",39.239818572998047,-121.53022766113281,YUBA,UNINCORPORATED,-121.53029632568359,39.239711761474609
91873606,2022,2022-09-26,9285,2022-09-16,1805,021690,,5,2,1,5802,0,2,4,,2,025,SR-65,"EVERGREEN DR",1200.00,N,N,A,-,Y,YUB,,65,,,1.742,H,,R,Y,2,0,1,3,A,-,03,22350,,N,C,C,A,A,H,-,A,D,0,,,,,Y,,D,22,1,0,0,0,0,0,0,0,0,"- ","- ",39.018581390380859,-121.43834686279297,YUBA,WHEATLAND,-121.43834686279297,39.018585205078125
91882777,2022,2022-10-05,9285,2022-09-23,1845,021154,,5,2,9,5800,0,3,5,,1,008,"NEW YORK FLAT ROAD","IDLEWOOD CIRLE",148.00,N,N,A,-,N,,,,,,,,,,Y,1,1,0,2,A,-,08,22107,,N,A,C,A,A,H,-,D,D,0,,,,,Y,,D,22,0,0,0,0,0,0,0,0,0,"- ","- ",39.504310607910156,-121.27696228027344,YUBA,UNINCORPORATED,-121.27808380126953,39.500316619873047
91897968,2022,2022-10-24,9285,2022-10-12,0855,020119,,3,1,9,5800,0,1,3,,1,020,"SR-70 S/B FROM ERLE RD.","ERLE RD.",75.00,S,N,A,-,Y,,,,,,,,,,Y,2,0,2,1,A,-,08,22107,,N,E,I,A,A,H,-,A,D,0,,,,,Y,,A,01,1,1,0,0,0,0,0,0,0,"- ","- ",39.112998962402344,-121.56027221679688,YUBA,UNINCORPORATED,-121.55812835693359,39.111721038818359
91898967,2022,2022-10-25,9285,2022-10-18,1920,022094,,2,2,9,5800,0,2,4,,2,025,"SR-65 SOUTHBOUND",SR-70,1584.00,S,N,A,-,Y,YUB,,65,,R,9.028,H,,L,Y,2,0,1,3,A,-,08,22107,,N,E,I,A,A,H,-,D,D,0,,,,,Y,,A,01,1,0,0,0,0,0,0,0,0,"- ","- ",39.0877685546875,-121.53658294677734,YUBA,UNINCORPORATED,-121.53667449951172,39.087722778320312
91899636,2022,2022-10-26,9285,2022-10-15,1930,022294,,6,2,9,5800,0,1,3,,1,020,"SR-70 NORTHBOUND","FEATHER RIVER BLVD",685.00,S,N,A,-,Y,YUB,,70,,R,11.258,H,,R,N,2,0,1,1,A,-,01,23152,A,N,E,I,A,A,H,-,D,D,0,,,Y,,Y,Y,C,02,1,0,0,0,0,0,0,0,1,"- ","- ",39.123340606689453,-121.57508850097656,YUBA,UNINCORPORATED,-121.57509613037109,39.123336791992188
91901159,2022,2022-10-27,9285,2022-10-18,0615,020070,,2,1,9,5800,0,2,4,,1,041,"NORTH BEALE RD","SILVERWOOD ST",110.00,E,N,A,-,N,,,,,,,,,,N,2,0,1,2,C,-,18,,,F,E,I,F,A,C,-,C,D,0,Y,,,,Y,,-,"- ",1,0,0,0,1,0,0,0,0,"- ","- ",39.127529144287109,-121.56256103515625,YUBA,UNINCORPORATED,-121.56261444091797,39.127422332763672
91907787,2022,2022-11-02,9285,2022-06-19,2500,017393,,7,4,9,5800,0,2,4,,2,081,"WILLOW GLEN ROAD","PINE RIDGE ROAD",4224.00,S,N,A,-,N,,,,,,,,,,Y,1,1,0,1,A,-,08,22107,,N,E,J,A,A,H,-,D,D,0,,,,,Y,,D,22,0,0,0,0,0,0,0,0,0,"- ","- ",39.398109436035156,-121.31128692626953,YUBA,UNINCORPORATED,,
91921812,2022,2022-11-18,9230,2022-04-25,2500,019235,,1,4,9,5800,0,3,5,,2,080,"PIKE CITY RD","CLEVELAND AVENUE",1584.00,E,N,F,-,N,,,,,,,,,,Y,1,1,0,1,A,-,08,22107,,N,F,A,A,A,H,-,A,D,0,,,,,Y,,A,07,0,0,0,0,0,0,0,0,0,"- ","- ",39.448619842529297,-121.05068206787109,YUBA,UNINCORPORATED,-121.05155181884766,39.448810577392578
91947946,2022,2022-12-21,9285,2022-12-08,0322,020096,,4,3,9,5800,0,3,5,,1,002,"ALICIA AVENUE","KAY STREET",0.00,,Y,A,-,N,,,,,,,,,,Y,1,1,1,2,A,-,12,22450,A,N,D,C,A,A,H,-,C,A,0,,,,,Y,,A,01,0,1,0,0,0,0,0,0,0,"- ","- ",39.119319915771484,-121.58049774169922,YUBA,UNINCORPORATED,-121.58055114746094,39.119335174560547
91974212,2023,2023-01-23,9285,2023-01-10,2010,021690,,2,2,9,5800,0,1,3,,1,020,"SR-70 N/B","OLIVEHURST AVE",3538.00,S,N,C,-,Y,YUB,,70," ",R,8.608,H,,R,Y,2,0,1,1,A,-,03,22350,A,N,E,J,A,B,H,-,C,D,0,,,,,Y,,A,01,1,0,0,0,0,0,0,0,0,"- ","- ",39.095008850097656,-121.54286956787109,YUBA,UNINCORPORATED,-121.54270935058594,39.095081329345703
91982765,2023,2023-01-31,9285,2023-01-19,1925,021154,,4,2,9,5800,0,2,4,,2,021,"FEATHER RIVER BOULEVARD (2900 BLOCK)","COUNTRY CLUB DR",505.00,N,N,A,-,N,,,,,,,,,,N,1,1,0,2,A,-,08,22107,,N,D,G,A,A,H,-,D,D,0,,Y,,,Y,,-,"- ",0,0,0,0,0,1,0,0,0,"- ","- ",39.034500122070312,-121.57890319824219,YUBA,UNINCORPORATED,-121.57888031005859,39.034477233886719
91996248,2023,2023-02-16,9285,2023-02-09,2256,021659,,4,3,9,5800,0,1,3,,1,020,"RT 70","1ST STREET",758.00,S,N,A,-,Y,YUB,,70," "," ",13.945,H,,R,Y,2,0,3,3,A,-,03,22350,,N,C,C,A,A,H,-,C,D,0,,,,,Y,,A,07,1,2,0,0,0,0,0,0,0,"- ","- ",39.133758544921875,-121.58936309814453,YUBA,UNINCORPORATED,-121.58932495117188,39.133769989013672
92000274,2023,2023-02-22,9285,2023-02-11,1412,021690,,6,2,9,5800,0,3,5,,1,004,"LINDHURST AVE","HAMMONTON RD.",0.00,,Y,A,-,N,,,,,,,,,,Y,2,0,2,2,A,-,12,21453,A,N,A,C,A,A,H,-,A,A,0,,,,,Y,,D,22,1,1,0,0,0,0,0,0,0,"- ","- ",39.121921539306641,-121.56642913818359,YUBA,UNINCORPORATED,-121.56637573242188,39.122001647949219