CASE_ID,ACCIDENT_YEAR,PROC_DATE,JURIS,COLLISION_DATE,COLLISION_TIME,OFFICER_ID,REPORTING_DISTRICT,DAY_OF_WEEK,CHP_SHIFT,POPULATION,CNTY_CITY_LOC,SPECIAL_COND,BEAT_TYPE,CHP_BEAT_TYPE,CITY_DIVISION_LAPD,CHP_BEAT_CLASS,BEAT_NUMBER,PRIMARY_RD,SECONDARY_RD,DISTANCE,DIRECTION,INTERSECTION,WEATHER_1,WEATHER_2,STATE_HWY_IND,CALTRANS_COUNTY,CALTRANS_DISTRICT,STATE_ROUTE,ROUTE_SUFFIX,POSTMILE_PREFIX,POSTMILE,LOCATION_TYPE,RAMP_INTERSECTION,SIDE_OF_HWY,TOW_AWAY,COLLISION_SEVERITY,NUMBER_KILLED,NUMBER_INJURED,PARTY_COUNT,PRIMARY_COLL_FACTOR,PCF_CODE_OF_VIOL,PCF_VIOL_CATEGORY,PCF_VIOLATION,PCF_VIOL_SUBSECTION,HIT_AND_RUN,TYPE_OF_COLLISION,MVIW,PED_ACTION,ROAD_SURFACE,ROAD_COND_1,ROAD_COND_2,LIGHTING,CONTROL_DEVICE,CHP_ROAD_TYPE,PEDESTRIAN_ACCIDENT,BICYCLE_ACCIDENT,MOTORCYCLE_ACCIDENT,TRUCK_ACCIDENT,NOT_PRIVATE_PROPERTY,ALCOHOL_INVOLVED,STWD_VEHTYPE_AT_FAULT,CHP_VEHTYPE_AT_FAULT,COUNT_SEVERE_INJ,COUNT_VISIBLE_INJ,COUNT_COMPLAINT_PAIN,COUNT_PED_KILLED,COUNT_PED_INJURED,COUNT_BICYCLIST_KILLED,COUNT_BICYCLIST_INJURED,COUNT_MC_KILLED,COUNT_MC_INJURED,PRIMARY_RAMP,SECONDARY_RAMP,LATITUDE,LONGITUDE,COUNTY,CITY,POINT_X,POINT_Y
92038975,2023,2023-04-06,9285,2023-03-29,"620 ",017393,,3,1,9,5800,0,2,4,,1,042,"HAMMONTON SMARTSVILLE ROAD","GRIFFITH LN",972.00,W,N,B,C,N,,,,,,,,,,Y,2,0,2,3,A,-,08,22107,,N,D,C,F,B,H,-,B,D,0,Y,,,,Y,,D,22,1,1,0,0,1,0,0,0,0,"- ","- ",39.137031555175781,-121.52719879150391,YUBA,UNINCORPORATED,-121.52693176269531,39.137153625488281
92059152,2023,2023-05-02,9285,2023-04-18,2500,017393,,2,4,9,5800,0,2,4,,2,081,"WILLOW GLEN ROAD","PINE RIDGE ROAD",6600.00,S,N,B,-,N,,,,,,,,,,Y,1,1,0,1,A,-,08,22107,,N,E,J,A,B,H,-,D,D,0,,,,,Y,,A,01,0,0,0,0,0,0,0,0,0,"- ","- ",39.394561767578125,-121.31350708007812,YUBA,UNINCORPORATED,,
92080319,2022,2023-05-29,9285,2022-08-12,2500,020507,,5,4,9,5800,0,3,5,,1,006,"RAMIREZ ROAD","FRUITLAND ROAD",1239.30,S,N,A,-,N,,,,,,,,,,N,1,1,0,2,A,-,03,22350,,F,C,G,A,A,H,-,B,D,0,,Y,,,Y,,A,01,0,0,0,0,0,1,0,0,0,"- ","- ",39.290111541748047,-121.52101898193359,YUBA,UNINCORPORATED,-121.52056121826172,39.291042327880859
92085689,2023,2023-08-15,9230,2023-05-20,1025,018771,,6,1,9,5800,0,3,5,,2,080,"MARYSVILLE RD","OLD TOLL RD",1056.00,W,N,B,-,N,,,,,,,,,,N,1,1,1,2,A,-,03,22350,,N,C,C,A,A,H,-,A,D,0,,,Y,,Y,,C,02,1,0,0,0,0,0,0,1,1,"- ","- ",39.430980682373047,-121.09004211425781,YUBA,UNINCORPORATED,-121.08882141113281,39.431514739990234
92094502,2023,2023-06-15,9285,2023-06-10,"943 ",018986,,6,1,9,5800,0,2,4,,1,041,"COLLEGE VIEW DRIVE","N BEALE ROAD",35.00,N,N,B,-,N,,,,,,,,,,N,2,0,1,2,A,-,10,21950,A,N,G,B,D,A,H,-,A,D,0,Y,,,,Y,,A,07,1,0,0,0,1,0,0,0,0,"- ","- ",39.128280639648438,-121.53450012207031,YUBA,UNINCORPORATED,-121.53449249267578,39.128204345703125
92109292,2023,2023-07-04,9285,2023-06-23,1830,020520,,5,2,9,5800,0,2,4,,1,042,"AVONDALE AVE","HAMMONTON SMARTSVILLE RD",0.00,,Y,A,-,N,,,,,,,,,,N,2,0,1,1,A,-,01,23152,A,N,E,I,A,A,H,-,A,A,0,,,Y,,Y,Y,C,02,1,0,0,0,0,0,0,0,1,"- ","- ",39.122810363769531,-121.56375885009766,YUBA,UNINCORPORATED,-121.56439971923828,39.123115539550781
92118465,2023,2023-07-17,9285,2023-07-02,2130,022320,,7,2,9,5800,0,2,4,,1,042,"HAMMONTON SMARTSVILLE ROAD","HENWOOD RANCH ROAD",4224.00,E,N,A,-,N,,,,,,,,,,Y,2,0,1,1,A,-,01,23152,A,N,E,I,A,A,H,-,D,D,0,,,,,Y,,D,22,1,0,0,0,0,0,0,0,0,"- ","- ",39.192478179931641,-121.34358215332031,YUBA,UNINCORPORATED,-121.35636138916016,39.193950653076172
92134534,2023,2023-08-02,9285,2023-07-23,"420 ",021567,,7,3,9,5800,0,1,3,,1,020,"SR-70 TO N BEALE OFF RAMP","NORTH BEALE RD",0.00,,N,A,-,Y,YUB,,70," "," ",13.377,H,,R,Y,2,0,1,2,A,-,07,21658,A,N,C,2,A,A,H,-,A,D,0,,,,,Y,,A,01,1,0,0,0,0,0,0,0,0,"- ","- ",39.127540588378906,-121.58254241943359,YUBA,UNINCORPORATED,-121.58234405517578,39.127738952636719
92151688,2023,2023-08-23,9285,2023-08-19,"740 ",018291,,6,1,9,5800,0,3,5,,1,004,"ERLE RD.","GRIFFITH AVE.",45.00,W,N,A,-,N,,,,,,,,,,Y,2,0,2,1,A,-,12,22450,A,N,E,I,A,A,H,-,A,A,0,,,,,Y,,A,01,1,0,1,0,0,0,0,0,0,"- ","- ",39.113800048828125,-121.52381896972656,YUBA,UNINCORPORATED,-121.52387237548828,39.113868713378906
92156345,2023,2023-08-28,9285,2023-08-16,2110,019139,,3,2,9,5800,0,2,4,,2,021,"FEATHER RIVER BLVD","PLUMAS AVE",100.00,S,N,A,-,N,,,,,,,,,,N,2,0,1,1,A,-,01,23152,G,N,E,I,A,A,H,-,D,A,0,,,Y,,Y,Y,C,02,1,0,0,0,0,0,0,0,1,"- ","- ",39.054378509521484,-121.57910919189453,YUBA,UNINCORPORATED,-121.57897186279297,39.054656982421875
92194064,2023,2023-10-09,9285,2023-09-26,"606 ",018291,,2,1,9,5800,0,2,4,,2,025,"STATE ROUTE 65","OAKLEY LANE",1490.00,S,N,B,-,Y,YUB,,65," "," ",3.163,H,,R,Y,1,1,2,2,A,-,05,21460,A,N,A,C,A,B,H,-,C,D,0,,,,,Y,,A,01,0,2,0,0,0,0,0,0,0,"- ","- ",39.031719207763672,-121.45868682861328,YUBA,UNINCORPORATED,-121.45868682861328,39.031723022460938
92226437,2023,2023-11-02,9285,2023-08-26,1931,021068,,6,2,9,5800,0,1,3,,1,020,"SR-70 SOUTHBOUND","MCGOWAN PARKWAY",5280.00,S,N,A,-,Y,YUB,,70," ",R,6.218,H,,L,Y,1,1,0,1,A,-,08,22107,,N,E,I,A,A,H,-,A,D,0,,,,,Y,,A,01,0,0,0,0,0,0,0,0,0,"- ","- ",39.061500549316406,-121.54380798339844,YUBA,UNINCORPORATED,-121.54367828369141,39.061470031738281
92238260,2023,2023-11-16,9285,2023-11-10,"755 ",022917,,5,1,9,5800,0,1,3,,1,020,"SR-70 N/B","ERLE RD",65.00,N,N,B,-,Y,YUB,,70," ",R,10.173,H,,R,Y,2,0,1,1,A,-,08,22107,,N,E,I,A,A,H,-,A,D,0,,,,,Y,,D,22,1,0,0,0,0,0,0,0,0,"- ","- ",39.113498687744141,-121.55927276611328,YUBA,UNINCORPORATED,-121.559326171875,39.113460540771484
92259917,2023,2024-01-22,9285,2023-11-06,"340 ",022534,,1,3,9,5800,0,2,4,,2,081,"MARYSVILLE ROAD","EVERGLADE TRAIL",305.00,N,N,B,-,N,,,,,,,,,,Y,1,1,1,2,A,-,05,21650,,N,A,C,A,A,H,-,D,A,0,,,,,Y,Y,A,01,0,1,0,0,0,0,0,0,0,"- ","- ",39.247550964355469,-121.40708160400391,YUBA,UNINCORPORATED,-121.40707397460938,39.247547149658203
92260995,2023,2023-12-13,9285,2023-12-11,2015,022320,,1,2,9,5800,0,1,3,,1,020,"SR-70 NORTHBOUND","MCGOWAN PARKWAY",4224.00,S,N,A,-,Y,YUB,,70," ",R,6.558,H,,R,Y,2,0,2,2,A,-,01,23152,A,N,B,2,A,A,H,-,D,D,0,,,,,Y,Y,A,01,1,0,1,0,0,0,0,0,0,"- ","- ",39.066001892089844,-121.54122161865234,YUBA,UNINCORPORATED,-121.54124450683594,39.066005706787109
92271092,2023,2023-12-26,9285,2023-12-16,1730,018986,,6,2,9,5800,0,2,4,,2,081,"WILLOW GLEN RD","SKYGLEN DR",7022.00,N,N,A,-,N,,,,,,,,,,N,2,0,1,1,A,-,01,23152,A,N,F,A,A,A,H,-,D,D,0,,,Y,,Y,Y,C,02,1,0,0,0,0,0,0,0,1,"- ","- ",39.396560668945312,-121.31278991699219,YUBA,UNINCORPORATED,-121.31295776367188,39.396354675292969
92332282,2024,2024-03-07,9285,2024-02-28,1630,017393,,3,2,9,5800,0,3,5,,1,008,"PONDEROSA WAY","DOUBLE EAGLE WAY",906.00,N,N,B,-,N,,,,,,,,,,N,2,0,3,1,A,-,08,22107,,N,F,A,A,A,H,-,A,D,0,,,Y,,Y,,C,06,1,2,0,0,0,0,0,0,3,"- ","- ",39.463230133056641,-121.29263305664062,YUBA,UNINCORPORATED,,
92389603,2024,2024-05-14,9285,2024-05-04,2215,022917,,6,3,9,5800,0,1,3,,1,060,"SR-70 N/B","SADDLEBACK DR",830.00,N,N,A,-,Y,YUB,,70," "," ",17.755,H,,R,Y,2,0,2,2,A,-,09,21801,A,N,D,C,A,A,H,-,D,D,0,,,,,Y,,A,01,2,0,0,0,0,0,0,0,0,"- ","- ",39.191791534423828,-121.59474182128906,YUBA,UNINCORPORATED,-121.59487915039062,39.191787719726562
92396419,2024,2024-05-22,9285,2024-05-19,1410,021567,,7,2,9,5800,0,3,5,,1,002,"ERLE RD","SB SR-70 OFF RAMP",10.00,W,N,A,-,Y,,,,,,,,,,N,2,0,1,2,A,-,05,21650,,N,A,G,A,A,H,-,A,A,0,,Y,,,Y,,L,04,1,0,0,0,0,0,1,0,0,"- ","- ",39.11328125,-121.56066131591797,YUBA,UNINCORPORATED,,
92421735,2024,2024-06-24,9285,2024-06-17,1220,021690,,1,1,9,5800,0,3,5,,1,004,"ERLE RD","LINDHURST AVE",40.00,W,N,A,-,N,,,,,,,,,,N,2,0,1,2,A,-,09,21453,B,N,D,C,A,A,H,-,A,A,0,,,Y,,Y,,C,02,1,0,0,0,0,0,0,0,1,"- ","- ",39.113300323486328,-121.55889129638672,YUBA,UNINCORPORATED,-121.55853271484375,39.113254547119141
92456934,2024,2024-07-22,9285,2024-07-04,"36  ",022320,,4,3,9,5800,0,3,5,,1,002,"CLARICE AVENUE","OLIVEHURST AVENUE",0.00,,Y,A,-,N,,,,,,,,,,N,1,1,0,2,C,-,18,,,N,E,J,E,A,H,-,C,A,0,Y,,,,Y,,-,"- ",0,0,0,1,0,0,0,0,0,"- ","- ",39.082778930664062,-121.55194091796875,YUBA,UNINCORPORATED,-121.55179595947266,39.082786560058594
9365262,2021,2021-12-16,5801,2021-11-28,1242,328,,7,5,3,5801,0,0,0,,0,,"E ST","10TH ST",0.00,,Y,A,-,N,,,,,,,,,,Y,2,0,1,2,A,-,09,21802,A,N,D,C,A,A,H,-,A,D,0,,,Y,,Y,,-,"- ",1,0,0,0,0,0,0,0,1,"- ","- ",,,YUBA,MARYSVILLE,-121.59121704101562,39.145069122314453
93767954,2024,2024-08-07,9285,2024-07-24,1100,020195,,3,1,9,5800,0,2,4,,2,025,"STATE ROUTE 65","DRY CREEK LEVEE RD",575.00,N,N,A,-,Y,YUB,,65," "," ",2.447,H,,R,Y,2,0,1,3,A,-,08,22107,,N,E,9,A,A,H,-,A,D,0,,,,Y,Y,,D,22,1,0,0,0,0,0,0,0,0,"- ","- ",39.024818420410156,-121.44879150390625,YUBA,UNINCORPORATED,-121.44879150390625,39.024818420410156
9411508,2022,2022-03-02,5802,2022-02-05,2344,1002,5802,6,5,1,5802,0,0,0,,0,,"RT 65","MAIN ST",642.17,S,N,A,-,Y,YUB,3,65,-,-,0.580,H,-,S,Y,2,0,2,2,A,-,01,23153,A,N,A,C,A,A,H,-,D,D,0,,,,,Y,Y,D,22,1,0,1,0,0,0,0,0,0,"- ","- ",,,YUBA,WHEATLAND,-121.42208099365234,39.007999420166016
94356010,2024,2024-08-15,9285,2024-08-09,"543 ",020195,,5,3,9,5800,0,2,4,,1,042,"HAMMONTON SMARTSVILLE RD","HACKBERRY RD",3.40,E,N,A,-,N,,,,,,,,,,Y,2,0,1,2,A,-,09,21804,A,N,C,C,A,A,H,-,D,D,0,,,,Y,Y,,D,22,1,0,0,0,0,0,0,0,0,"- ","- ",39.157028198242188,-121.47019958496094,YUBA,UNINCORPORATED,-121.47017669677734,39.157024383544922
94363863,2024,2024-08-21,9285,2024-08-16,2100,021860,,5,2,9,5800,0,3,5,,1,004,"HAMMONTON SMARTVILLE RD","GRIFFITH AVE",1100.00,W,N,A,-,N,,,,,,,,,,Y,2,0,1,1,A,-,08,22107,,N,E,I,A,A,H,-,D,D,0,,,,Y,Y,,F,26,1,0,0,0,0,0,0,0,0,"- ","- ",39.136989593505859,-121.52760314941406,YUBA,UNINCORPORATED,-121.52734375,39.137020111083984
94387003,2024,2024-09-09,9285,2024-09-02,1654,020805,,1,2,9,5800,0,3,5,,1,002,"RIVER OAKS BLVD S/B","DARK HORSE WAY",81.00,S,N,A,-,N,,,,,,,,,,N,2,0,2,1,A,-,08,22107,,N,E,I,A,A,H,-,A,D,0,,,Y,,Y,,-,"- ",2,0,0,0,0,0,0,0,2,"- ","- ",39.005771636962891,-121.55361938476562,YUBA,UNINCORPORATED,-121.55347442626953,39.005825042724609
94400210,2024,2024-09-19,9285,2024-08-21,1116,020195,,3,1,9,5800,0,3,5,,1,002,"ERLE RD","STATE ROUTE 70 ON RAMP",0.00,,Y,A,-,N,,,,,,,,,,Y,1,1,0,2,A,-,05,21650,,N,D,C,A,A,H,-,A,D,0,,,,,Y,,M,96,0,0,0,0,0,0,0,0,0,"- ","- ",39.113121032714844,-121.56031799316406,YUBA,UNINCORPORATED,,
94436517,2024,2024-10-18,9285,2024-08-31,1744,021068,,6,2,9,5800,0,3,5,,1,002,"LEVEE ROAD","COUNTRY CLUB DRIVE",1214.00,S,N,A,-,N,,,,,,,,,,N,1,1,0,1,A,-,03,22350,,N,E,J,A,A,A,B,A,D,0,,,Y,,Y,,C,06,0,0,0,0,0,0,0,1,0,"- ","- ",39.029670715332031,-121.59854125976562,YUBA,UNINCORPORATED,-121.59905242919922,39.030189514160156
9445358,2022,2022-06-06,5801,2022-04-25,1657,P217,5801,1,5,3,5801,0,0,0,,0,,"E 15TH ST","SAMPSON ST",0.00,,Y,A,-,N,,,,,,,,,,Y,2,0,3,2,A,-,01,23152,A,N,D,C,A,A,H,-,A,D,0,,,,,Y,Y,A,01,1,0,2,0,0,0,0,0,0,"- ","- ",,,YUBA,MARYSVILLE,-121.58006286621094,39.152374267578125
94473456,2024,2024-11-18,9285,2024-11-03,1643,022700,,7,2,9,5800,0,3,5,,1,002,"LEVEE ROAD","ELLA ROAD",3168.00,N,N,A,-,N,,,,,,,,,,N,2,0,2,1,A,-,03,22350,,N,F,J,A,A,A,B,A,D,0,,,Y,,Y,,C,06,1,1,0,0,0,0,0,0,2,"- ","- ",39.074981689453125,-121.59500885009766,YUBA,UNINCORPORATED,,
94552788,2024,2025-01-28,9285,2024-09-29,2020,022956,,7,2,9,5800,0,3,5,,1,002,"FEATHER RIVER BOULEVARD","ALGODON ROAD",3376.00,S,N,A,-,N,,,,,,,,,,N,1,1,0,2,A,-,03,22350,,F,G,B,E,A,H,-,D,D,0,Y,,,,Y,Y,-,99,0,0,0,1,0,0,0,0,0,"- ","- ",38.997909545898438,-121.57417297363281,YUBA,UNINCORPORATED,-121.57417297363281,38.997936248779297
94562569,2025,2025-02-03,9285,2025-01-27,1828,022534,,1,2,9,5800,0,3,5,,1,002,"LINDHURST AVENUE","TULIP ROAD",1415.00,N,N,A,-,N,,,,,,,,,,Y,2,0,1,1,A,-,05,21460,,N,E,8,A,A,H,-,C,D,0,,,Y,,Y,,C,02,1,0,0,0,0,0,0,0,1,"- ","- ",39.108528137207031,-121.55391693115234,YUBA,UNINCORPORATED,-121.55381011962891,39.108425140380859
9456446,2022,2022-07-13,5801,2022-05-07,1757,P230,5801,6,5,3,5801,0,0,0,,0,,"RT 20","BUCHANAN ST",342.00,E,N,A,-,Y,YUB,3,20,-,R,2.040,H,-,E,Y,2,0,1,1,A,-,01,23152,A,N,E,I,A,A,H,-,A,D,0,,,Y,,Y,Y,C,02,1,0,0,0,0,0,0,0,1,"- ","- ",,,YUBA,MARYSVILLE,-121.57717895507812,39.14947509765625
94588368,2024,2025-02-24,9285,2024-09-02,"529 ",022748,,1,3,9,5800,0,1,3,,1,020,"STATE ROUTE 70 S/B","MCGOWAN PARKWAY",1700.00,N,N,A,-,Y,YUB,,70," ",R,7.611,H,,L,Y,1,1,3,2,A,-,01,23152,A,N,A,C,A,A,H,-,C,A,0,,,,,Y,Y,A,01,2,1,0,0,0,0,0,0,0,"- ","- ",39.081268310546875,-121.54177856445312,YUBA,UNINCORPORATED,-121.54180908203125,39.081268310546875
94590987,2025,2025-05-08,9285,2025-02-14,2120,022748,,5,2,9,5800,0,3,5,,1,004,"SIMPSON LANE","BABBINGTON ROAD",1612.00,W,N,A,-,N,,,,,,,,,,Y,2,0,2,2,A,-,01,23152,A,N,A,C,A,A,H,-,D,A,0,,,,,Y,Y,A,01,2,0,0,0,0,0,0,0,0,"- ","- ",39.140708923339844,-121.57039642333984,YUBA,UNINCORPORATED,-121.57032775878906,39.14068603515625
94604034,2025,2025-03-18,9285,2025-03-01,1615,017393,,6,2,9,5800,0,2,4,,1,042,"HAMMONTON SMARTSVILLE ROAD","DANTONI ROAD",115.00,E,N,A,-,N,,,,,,,,,,Y,2,0,3,1,A,-,08,22107,,N,E,J,A,A,H,-,A,D,0,,,,,Y,,M,47,1,2,0,0,0,0,0,0,0,"- ","- ",39.135421752929688,-121.53266143798828,YUBA,UNINCORPORATED,-121.53270721435547,39.135452270507812
94660609,2025,2025-04-23,9285,2025-02-27,1200,023093,,4,1,9,5800,0,2,4,,2,025,"STATE ROUTE 65","DAIRY ROAD",427.00,N,N,A,-,Y,YUB,,65," "," ",2.682,H,,R,Y,1,1,1,1,A,-,08,22107,,N,F,A,A,A,H,-,A,D,0,,,,,Y,,D,22,0,1,0,0,0,0,0,0,0,"- ","- ",39.027099609375,-121.45211791992188,YUBA,UNINCORPORATED,-121.45210266113281,39.027114868164062
94662401,2025,2025-05-14,9285,2025-04-21,1850,022919,,1,2,9,5800,0,1,3,,1,060,"SR-70 N/B","WOODRUFF LN",2587.00,N,N,A,-,Y,YUB,,70," "," ",20.242,H,,R,N,2,0,2,2,A,-,09,21801,A,N,D,C,A,A,H,-,D,D,0,,,,,Y,,E,22,1,0,1,0,0,0,0,0,0,"- ","- ",39.226409912109375,-121.60098266601562,YUBA,UNINCORPORATED,-121.60098266601562,39.226409912109375
94673144,2025,2025-05-02,9285,2025-04-24,"145 ",016343,,4,3,9,5800,0,2,4,,1,022,"ARBOGA ROAD","MARYCLAIR DR",110.00,S,N,A,-,N,,,,,,,,,,Y,2,0,3,1,A,-,01,23152,A,N,E,I,A,A,H,-,C,D,0,,,,,Y,Y,A,07,1,0,2,0,0,0,0,0,0,"- ","- ",39.066020965576172,-121.56133270263672,YUBA,UNINCORPORATED,-121.56139373779297,39.066097259521484
94675142,2025,2025-05-05,9285,2025-04-23,1938,022534,,3,2,9,5800,0,1,3,,1,020,"STATE ROUTE 70","FIRST STREET",820.00,S,N,A,-,Y,YUB,,70," "," ",13.927,H,,R,Y,2,0,1,2,A,-,08,22107,,N,C,2,A,A,H,-,B,A,0,,,Y,,Y,,C,02,1,0,0,0,0,0,0,0,1,"- ","- ",39.133560180664062,-121.58911895751953,YUBA,UNINCORPORATED,-121.58919525146484,39.133533477783203
94685972,2025,2025-05-13,9285,2025-05-07,"153 ",018986,,3,3,9,5800,0,2,4,,2,082,"LA PORTE RD","MULLINS WAY",711.00,N,N,A,-,N,,,,,,,,,,Y,2,0,1,1,A,-,01,23152,A,N,E,I,A,A,H,-,D,D,0,,,,,Y,Y,A,07,1,0,0,0,0,0,0,0,0,"- ","- ",39.468238830566406,-121.27826690673828,YUBA,UNINCORPORATED,-121.27828979492188,39.468162536621094
94700607,2025,2025-05-26,9285,2025-05-18,"920 ",021328,,7,1,9,5800,0,1,3,,1,060,SR-70,"RAMIREZ RD",10.00,N,N,A,-,Y,YUB,,70," "," ",22.894,H,,R,Y,2,0,5,2,A,-,09,21801,A,N,A,C,A,A,H,-,A,D,0,,,,,Y,,A,07,4,1,0,0,0,0,0,0,0,"- ","- ",39.264598846435547,-121.59734344482422,YUBA,UNINCORPORATED,-121.5972900390625,39.264591217041016
94710979,2025,2025-06-03,9285,2025-05-22,"650 ",021690,,4,1,9,5800,0,2,4,,1,061,"MARYSVILLE RD","FRUITLAND RD",0.00,,Y,A,-,N,,,,,,,,,,Y,2,0,2,2,A,-,09,21802,A,N,D,C,A,A,H,-,A,A,0,,,,,Y,,A,07,1,0,1,0,0,0,0,0,0,"- ","- ",39.287410736083984,-121.38892364501953,YUBA,UNINCORPORATED,-121.38881683349609,39.287448883056641
94716647,2025,2025-06-06,9285,2025-05-22,1435,022401,,4,2,9,5800,0,3,5,,1,002,"ALICIA AVENUE","PASADO ROAD",186.00,N,N,A,-,Y,,,,,,,,,,Y,2,0,2,2,A,-,09,21804,A,N,D,C,A,A,H,-,A,D,0,,,,,Y,,M,94,1,0,1,0,0,0,0,0,0,"- ","- ",39.113109588623047,-121.57131195068359,YUBA,UNINCORPORATED,-121.57115936279297,39.112979888916016
94725315,2025,2025-06-13,9285,2025-04-17,"625 ",023008,,4,1,9,5800,0,3,5,,1,006,"TOWNSHIP ROAD","MADRONE LN",200.00,S,N,A,-,N,,,,,,,,,,Y,1,1,0,1,A,-,08,22107,,N,E,I,A,A,H,-,A,A,0,,,,,Y,Y,A,01,0,0,0,0,0,0,0,0,0,"- ","- ",39.285430908203125,-121.35238647460938,YUBA,UNINCORPORATED,-121.35237884521484,39.285171508789062
94732565,2025,2025-06-19,9230,2025-06-15,1430,022320,,7,2,9,5800,0,3,5,,2,080,"STATE ROUTE 49","RIDGE ROAD",24.70,S,N,A,-,Y,YUB,,49," "," ",1.660,H,,R,Y,2,0,1,1,A,-,08,22107,,N,F,A,A,A,H,-,A,D,0,,,Y,,Y,,C,02,1,0,0,0,0,0,0,0,1,"- ","- ",39.413421630859375,-121.07125091552734,YUBA,UNINCORPORATED,-121.07125854492188,39.413425445556641
94758903,2025,2025-07-14,9285,2025-06-28,1915,022700,,6,2,9,5800,0,3,5,,1,002,"RIVERSIDE DRIVE","FEATHER RIVER BOULEVARD",590.00,N,N,A,-,N,,,,,,,,,,N,2,0,1,2,A,-,03,22350,,N,A,C,A,A,H,-,A,D,0,,,Y,,Y,,C,02,1,0,0,0,0,0,0,0,1,"- ","- ",39.117931365966797,-121.58431243896484,YUBA,UNINCORPORATED,-121.58412933349609,39.117652893066406
94762603,2025,2025-07-15,9285,2025-05-25,"144 ",022700,,7,3,9,5800,0,1,3,,1,062,"STATE ROUTE 20 W/B","ESCHEMAN LANE",976.00,W,N,A,-,Y,YUB,,20," "," ",15.272,H,,L,Y,1,1,0,1,A,-,08,22107,,N,E,I,A,A,H,-,D,D,0,,,,,Y,,D,22,0,0,0,0,0,0,0,0,0,"- ","- ",39.229591369628906,-121.37734222412109,YUBA,UNINCORPORATED,-121.37734222412109,39.2296142578125
9513007,2022,2022-11-29,5801,2022-10-26,1005,310,YUBAC,3,5,3,5801,0,0,0,,0,,"10TH ST","F ST",0.00,,Y,A,-,Y,YUB,3,20,-,-,0.840,I,5,E,N,2,0,1,2,A,-,10,21950,A,N,B,B,B,A,H,-,A,A,0,Y,,,,Y,,-,"- ",1,0,0,0,1,0,0,0,0,"- ","- ",,,YUBA,MARYSVILLE,-121.5928955078125,39.145576477050781
9557822,2023,2023-06-16,5801,2023-04-03,2320,P167,YUBAS,1,5,3,5801,0,0,0,,0,5801,"3RD ST","H ST",210.00,E,N,A,-,N,,,,,,,,,,Y,2,0,1,2,A,-,03,22350,A,F,G,B,D,A,H,-,C,D,0,Y,,,,Y,,D,22,1,0,0,0,1,0,0,0,0,"- ","- ",,,YUBA,MARYSVILLE,-121.59403228759766,39.137687683105469
9624271,2023,2023-09-18,5801,2023-08-18,2500,P231,5801,5,5,3,5801,0,0,0,,0,,"E ST","3RD ST",0.00,,Y,A,-,N,,,,,,,,,,N,2,0,1,2,A,-,11,21954,A,N,G,B,D,A,H,-,C,A,0,Y,,,,Y,,N,60,1,0,0,0,1,0,0,0,0,"- ","- ",,,YUBA,MARYSVILLE,-121.59024047851562,39.138004302978516
9637232,2023,2024-01-26,5801,2023-10-17,1140,09,MPD,2,5,3,5801,0,0,0,,0,,"E ST","6TH ST",0.00,,Y,A,-,Y,YUB,3,70,-,-,14.472,I,5,E,N,2,0,1,2,A,-,12,21453,,N,D,G,A,A,H,-,A,A,0,,Y,,,Y,,A,01,1,0,0,0,0,0,1,0,0,"- ","- ",,,YUBA,MARYSVILLE,-121.59067535400391,39.141201019287109
9741059,2024,2024-10-14,5801,2024-10-02,1607,P232,MARYS,3,5,3,5801,0,0,0,,0,,"14TH ST","G ST",0.00,,Y,A,-,N,,,,,,,,,,N,2,0,1,2,A,-,01,23153,,F,G,B,B,A,H,-,A,A,0,Y,,,,Y,Y,D,22,1,0,0,0,1,0,0,0,0,"- ","- ",,,YUBA,MARYSVILLE,-121.59500122070312,39.150009155273438